,Email,Registration Time,Approval Status,Join Time,Leave Time,Time in Session (minutes),Country/Region Name
0,MFVV8X1@6PD.Q6N.edu,3/24/20 11:35,approved,3/24/20 11:35,3/24/20 14:12,157,United States
1,91L5J49@N6U.6P2.edu,3/23/20 16:23,approved,3/24/20 10:41,3/24/20 14:06,205,United States
2,XTXIBKU@MS8.WHR.edu,3/24/20 12:43,approved,3/24/20 12:43,3/24/20 12:45,3,United States
3,RJZJ5PP@5Z5.0N9.edu,3/24/20 12:29,approved,3/24/20 14:17,3/24/20 14:42,25,Italy
4,RJZJ5PP@5Z5.0N9.edu,,,3/24/20 12:30,3/24/20 12:32,2,Italy
5,0VY2O1Y@BRD.G88.edu,3/24/20 6:55,approved,3/24/20 10:51,3/24/20 15:29,279,Turkey
6,J6OJEJX@H57.TRE.edu,3/24/20 7:54,approved,3/24/20 10:59,3/24/20 15:08,249,Germany
7,HKDS5P4@1KM.XPW.edu,3/24/20 7:32,approved,3/24/20 11:46,3/24/20 14:36,170,Netherlands
8,CBC8BLI@OD8.F89.edu,3/23/20 14:19,approved,3/24/20 12:19,3/24/20 13:42,84,Denmark
9,CBC8BLI@OD8.F89.edu,,,3/24/20 13:42,3/24/20 13:54,12,Denmark
10,CBC8BLI@OD8.F89.edu,,,3/24/20 14:22,3/24/20 14:28,6,Denmark
11,ZJ03ML6@IP0.FND.edu,3/20/20 13:34,approved,3/24/20 10:50,3/24/20 11:01,12,United States
12,ZJ03ML6@IP0.FND.edu,,,3/24/20 11:04,3/24/20 12:54,111,United States
13,TBFVCHV@3DG.777.edu,3/20/20 11:01,approved,3/24/20 10:59,3/24/20 15:08,250,United States
14,OX77KQ5@8FH.ITW.edu,3/23/20 11:11,approved,3/24/20 10:44,3/24/20 10:56,13,Morocco
15,OX77KQ5@8FH.ITW.edu,,,3/24/20 10:47,3/24/20 10:52,5,Morocco
16,OX77KQ5@8FH.ITW.edu,,,3/24/20 10:52,3/24/20 10:53,2,Morocco
17,OX77KQ5@8FH.ITW.edu,,,3/24/20 10:53,3/24/20 11:14,21,Morocco
18,OX77KQ5@8FH.ITW.edu,,,3/24/20 11:23,3/24/20 11:26,3,Morocco
19,OX77KQ5@8FH.ITW.edu,,,3/24/20 14:38,3/24/20 15:29,51,Morocco
20,OX77KQ5@8FH.ITW.edu,,,3/24/20 11:14,3/24/20 11:23,10,Morocco
21,OX77KQ5@8FH.ITW.edu,,,3/24/20 11:26,3/24/20 11:35,9,Morocco
22,OX77KQ5@8FH.ITW.edu,,,3/24/20 11:36,3/24/20 12:05,30,Morocco
23,OX77KQ5@8FH.ITW.edu,,,3/24/20 12:34,3/24/20 13:55,82,Morocco
24,I3SPK7N@LJS.UGT.edu,3/23/20 16:52,approved,3/24/20 10:56,3/24/20 12:03,67,United States
25,I3SPK7N@LJS.UGT.edu,,,3/24/20 13:26,3/24/20 13:33,7,United States
26,I3SPK7N@LJS.UGT.edu,,,3/24/20 13:35,3/24/20 14:29,55,United States
27,35O7I65@RSQ.MDL.edu,3/24/20 11:29,approved,3/24/20 11:29,3/24/20 11:38,9,United States
28,XEE2RKC@IR5.97R.edu,3/19/20 17:19,approved,3/24/20 14:01,3/24/20 14:02,2,United States
29,XEE2RKC@IR5.97R.edu,,,3/24/20 14:08,3/24/20 14:23,16,United States
30,XEE2RKC@IR5.97R.edu,,,3/24/20 14:25,3/24/20 15:21,57,United States
31,XEE2RKC@IR5.97R.edu,,,3/24/20 14:02,3/24/20 14:08,6,United States
32,XEE2RKC@IR5.97R.edu,,,3/24/20 10:58,3/24/20 11:46,49,United States
33,XEE2RKC@IR5.97R.edu,,,3/24/20 11:05,3/24/20 11:07,3,United States
34,XEE2RKC@IR5.97R.edu,,,3/24/20 11:46,3/24/20 12:07,21,United States
35,XEE2RKC@IR5.97R.edu,,,3/24/20 12:30,3/24/20 13:55,85,United States
36,SJT5KBK@U55.12T.edu,3/24/20 11:09,approved,3/24/20 11:09,3/24/20 11:29,20,United States
37,C57PVZJ@ORU.00M.edu,3/24/20 12:50,approved,3/24/20 12:51,3/24/20 15:09,139,United States
38,I77KIL0@G8M.53J.edu,3/24/20 9:33,approved,3/24/20 10:52,3/24/20 10:57,6,Indonesia
39,I77KIL0@G8M.53J.edu,,,3/24/20 10:59,3/24/20 11:10,12,Indonesia
40,O6IPD72@BTW.X3Z.edu,3/23/20 13:47,approved,3/24/20 10:52,3/24/20 12:04,72,United States
41,O6IPD72@BTW.X3Z.edu,,,3/24/20 12:30,3/24/20 13:10,41,United States
42,GJH6YIS@J1P.VN3.edu,3/24/20 10:23,approved,3/24/20 10:24,3/24/20 12:09,106,United Kingdom
43,RBFXWTT@GN1.MSX.edu,3/23/20 15:32,approved,3/24/20 10:57,3/24/20 15:05,248,United States
44,CQBJF8B@W1Q.87B.edu,3/20/20 23:02,approved,3/24/20 10:55,3/24/20 15:25,271,United States
45,MXM29U0@KVU.JTM.edu,3/24/20 10:10,approved,3/24/20 10:10,3/24/20 10:10,1,United States
46,MXM29U0@KVU.JTM.edu,,,3/24/20 11:08,3/24/20 13:18,130,United States
47,G55AI6W@TJ4.6CH.edu,3/19/20 17:26,approved,3/24/20 11:12,3/24/20 11:38,27,United States
48,O4F8ZXV@5M1.5W8.edu,3/24/20 11:10,approved,3/24/20 11:10,3/24/20 12:41,92,United States
49,1RXQ303@BXU.G90.edu,3/24/20 10:40,approved,3/24/20 10:40,3/24/20 15:06,266,United States
50,0HKBY4R@RXP.Z1Q.edu,3/24/20 10:32,approved,3/24/20 10:32,3/24/20 10:33,1,United States
51,0HKBY4R@RXP.Z1Q.edu,,,3/24/20 10:33,3/24/20 10:34,1,United States
52,0HKBY4R@RXP.Z1Q.edu,,,3/24/20 12:53,3/24/20 13:33,40,United States
53,0HKBY4R@RXP.Z1Q.edu,,,3/24/20 14:21,3/24/20 15:03,42,United States
54,0HKBY4R@RXP.Z1Q.edu,,,3/24/20 11:21,3/24/20 11:21,1,United States
55,0HKBY4R@RXP.Z1Q.edu,,,3/24/20 11:32,3/24/20 12:02,30,United States
56,G8M60O8@380.TVL.edu,3/20/20 16:01,approved,3/24/20 10:04,3/24/20 10:46,42,Germany
57,G8M60O8@380.TVL.edu,,,3/24/20 10:47,3/24/20 10:48,2,Germany
58,G8M60O8@380.TVL.edu,,,3/24/20 10:48,3/24/20 10:51,3,Germany
59,G8M60O8@380.TVL.edu,,,3/24/20 10:56,3/24/20 11:41,46,Germany
60,G8M60O8@380.TVL.edu,,,3/24/20 12:31,3/24/20 14:10,99,Germany
61,G8M60O8@380.TVL.edu,,,3/24/20 14:10,3/24/20 14:12,3,Germany
62,G8M60O8@380.TVL.edu,,,3/24/20 14:12,3/24/20 14:18,6,Germany
63,G8M60O8@380.TVL.edu,,,3/24/20 14:18,3/24/20 15:29,71,Germany
64,G8M60O8@380.TVL.edu,,,3/24/20 11:40,3/24/20 12:04,24,Germany
65,4762H11@VDP.IIN.edu,3/23/20 15:53,approved,3/24/20 10:34,3/24/20 12:09,96,Saudi Arabia
66,4762H11@VDP.IIN.edu,,,3/24/20 12:25,3/24/20 12:26,1,Saudi Arabia
67,4762H11@VDP.IIN.edu,,,3/24/20 12:30,3/24/20 13:35,65,Saudi Arabia
68,NGF2LQA@I8Y.SBW.edu,3/20/20 13:49,approved,3/24/20 11:53,3/24/20 12:51,59,United States
69,H11HJPP@ZQM.BS3.edu,3/19/20 23:15,approved,3/24/20 10:55,3/24/20 12:02,68,United States
70,URSS23W@UET.1IV.edu,3/24/20 9:15,approved,3/24/20 10:41,3/24/20 14:55,255,United States
71,URSS23W@UET.1IV.edu,,,3/24/20 14:56,3/24/20 15:10,15,United States
72,S8UYE3U@Q2I.M0S.edu,3/24/20 9:45,approved,3/24/20 12:57,3/24/20 13:53,57,United States
73,S8UYE3U@Q2I.M0S.edu,,,3/24/20 14:06,3/24/20 14:57,51,United States
74,S8UYE3U@Q2I.M0S.edu,,,3/24/20 10:59,3/24/20 12:56,118,United States
75,FWB33QS@5QB.Z0E.edu,3/24/20 12:42,approved,3/24/20 12:43,3/24/20 14:24,102,United States
76,9G79YW0@MVN.SRZ.edu,3/24/20 10:43,approved,3/24/20 10:59,3/24/20 14:35,216,United States
77,MPM5KC7@KEM.FXK.edu,3/22/20 13:05,approved,3/24/20 10:04,3/24/20 11:47,104,United States
78,JJER7OT@Y9G.IVY.edu,3/21/20 17:17,approved,3/24/20 10:39,3/24/20 15:29,290,United States
79,Y3FELFH@0L3.7J4.edu,3/24/20 2:03,approved,3/24/20 10:55,3/24/20 12:07,73,United States
80,Y3FELFH@0L3.7J4.edu,,,3/24/20 13:11,3/24/20 13:52,41,United States
81,Y3FELFH@0L3.7J4.edu,,,3/24/20 15:13,3/24/20 15:16,3,United States
82,C2VKYUR@VDB.LJ5.edu,3/24/20 11:52,approved,3/24/20 11:52,3/24/20 12:03,11,United States
83,C2VKYUR@VDB.LJ5.edu,,,3/24/20 12:36,3/24/20 12:38,2,United States
84,C2VKYUR@VDB.LJ5.edu,,,3/24/20 12:38,3/24/20 12:39,2,United States
85,C2VKYUR@VDB.LJ5.edu,,,3/24/20 12:39,3/24/20 14:26,108,United States
86,PCRDV4K@P29.VOC.edu,3/24/20 8:55,approved,3/24/20 10:56,3/24/20 11:23,27,United States
87,PCRDV4K@P29.VOC.edu,,,3/24/20 11:23,3/24/20 12:09,46,United States
88,PCRDV4K@P29.VOC.edu,,,3/24/20 12:26,3/24/20 12:50,25,United States
89,PCRDV4K@P29.VOC.edu,,,3/24/20 13:14,3/24/20 13:53,39,United States
90,PCRDV4K@P29.VOC.edu,,,3/24/20 14:00,3/24/20 15:29,89,United States
91,RVM19AA@25S.12Y.edu,3/24/20 14:00,approved,3/24/20 14:00,3/24/20 14:57,58,United States
92,T4BKXSU@GEE.C20.edu,3/24/20 7:04,approved,3/24/20 10:47,3/24/20 11:39,52,Germany
93,T4BKXSU@GEE.C20.edu,,,3/24/20 11:40,3/24/20 12:45,65,Germany
94,06LV1SD@EC7.T3V.edu,3/23/20 9:55,approved,3/24/20 12:27,3/24/20 13:53,86,United States
95,06LV1SD@EC7.T3V.edu,,,3/24/20 10:57,3/24/20 12:03,67,United States
96,E25EOIE@4E5.7T6.edu,3/23/20 13:42,approved,3/24/20 10:52,3/24/20 11:15,23,India
97,XCOBQT1@K11.G62.edu,3/24/20 11:24,approved,3/24/20 11:25,3/24/20 11:25,1,United States
98,KYQGFN6@BGQ.8CG.edu,3/23/20 22:52,approved,3/24/20 11:59,3/24/20 12:09,11,United States
99,KYQGFN6@BGQ.8CG.edu,,,3/24/20 13:00,3/24/20 14:38,99,United States
100,KYQGFN6@BGQ.8CG.edu,,,3/24/20 12:41,3/24/20 12:47,6,United States
101,QRSU6H2@8EG.KA5.edu,3/23/20 14:42,approved,3/24/20 10:58,3/24/20 12:04,67,United States
102,3TO03UL@TKL.PQX.edu,3/24/20 0:09,approved,3/24/20 10:38,3/24/20 15:09,272,United States
103,H3MC2IC@2IW.O2T.edu,3/24/20 11:34,approved,3/24/20 11:34,3/24/20 11:37,4,United States
104,H3MC2IC@2IW.O2T.edu,,,3/24/20 12:30,3/24/20 12:52,23,United States
105,H3MC2IC@2IW.O2T.edu,,,3/24/20 14:20,3/24/20 15:06,47,United States
106,WB1HSX2@RI9.X7U.edu,3/23/20 15:34,approved,3/24/20 12:04,3/24/20 12:08,5,United States
107,WB1HSX2@RI9.X7U.edu,,,3/24/20 12:07,3/24/20 12:25,18,United States
108,WB1HSX2@RI9.X7U.edu,,,3/24/20 12:12,3/24/20 12:14,3,United States
109,WB1HSX2@RI9.X7U.edu,,,3/24/20 14:24,3/24/20 14:25,1,United States
110,WB1HSX2@RI9.X7U.edu,,,3/24/20 10:59,3/24/20 14:29,211,United States
111,WB1HSX2@RI9.X7U.edu,,,3/24/20 11:04,3/24/20 14:46,223,United States
112,JR7NVW8@5CI.V0S.edu,3/20/20 3:10,approved,3/24/20 11:00,3/24/20 12:48,109,Netherlands
113,TFX629Y@N83.WDD.edu,3/20/20 11:05,approved,3/24/20 11:15,3/24/20 11:16,2,Netherlands
114,WYB5LRI@19X.Z16.edu,3/19/20 22:00,approved,3/24/20 11:01,3/24/20 15:19,259,United States
115,C9BP9Z0@WK5.JN9.edu,3/23/20 12:15,approved,3/24/20 10:24,3/24/20 10:40,16,United States
116,C9BP9Z0@WK5.JN9.edu,,,3/24/20 10:40,3/24/20 14:58,258,United States
117,5AXO65P@TKU.APE.edu,3/20/20 13:22,approved,3/24/20 10:30,3/24/20 12:51,141,United States
118,RDDQ8BV@C9D.45S.edu,3/24/20 10:52,approved,3/24/20 10:53,3/24/20 11:13,20,United States
119,RDDQ8BV@C9D.45S.edu,,,3/24/20 11:13,3/24/20 11:58,46,United States
120,AUHDXJ5@TFU.Q4I.edu,3/24/20 12:14,approved,3/24/20 12:14,3/24/20 12:17,4,Thailand
121,1Y6BOGM@0IM.LEF.edu,3/23/20 18:43,approved,3/24/20 12:05,3/24/20 14:02,117,United States
122,U2S8359@LOM.0KX.edu,3/23/20 12:52,approved,3/24/20 11:06,3/24/20 12:18,73,United States
123,5ATESCV@V7W.619.edu,3/23/20 20:16,approved,3/24/20 12:30,3/24/20 12:45,16,United States
124,5ATESCV@V7W.619.edu,,,3/24/20 12:46,3/24/20 12:46,1,United States
125,5ATESCV@V7W.619.edu,,,3/24/20 12:46,3/24/20 15:05,139,United States
126,5ATESCV@V7W.619.edu,,,3/24/20 11:13,3/24/20 12:25,73,United States
127,Y3RKOY3@Y63.4PF.edu,3/24/20 11:00,approved,3/24/20 11:01,3/24/20 12:00,60,United States
128,5T9FVUU@MUP.77W.edu,3/23/20 21:43,approved,3/24/20 10:51,3/24/20 10:52,1,United States
129,5T9FVUU@MUP.77W.edu,,,3/24/20 10:54,3/24/20 12:03,70,United States
130,5T9FVUU@MUP.77W.edu,,,3/24/20 12:30,3/24/20 13:08,39,United States
131,5T9FVUU@MUP.77W.edu,,,3/24/20 13:25,3/24/20 13:26,2,United States
132,5T9FVUU@MUP.77W.edu,,,3/24/20 13:48,3/24/20 13:57,9,United States
133,5T9FVUU@MUP.77W.edu,,,3/24/20 14:09,3/24/20 14:40,31,United States
134,5T9FVUU@MUP.77W.edu,,,3/24/20 15:03,3/24/20 15:29,26,United States
135,WCI1J2O@VRM.51O.edu,3/21/20 14:36,approved,3/24/20 14:36,3/24/20 15:09,34,United States
136,FDZSCG3@71G.OLH.edu,3/22/20 17:37,approved,3/24/20 10:42,3/24/20 15:20,278,United States
137,AV13AKN@6XL.B4B.edu,3/20/20 16:12,approved,3/24/20 12:14,3/24/20 12:24,10,United States
138,SRVZGF5@BOP.LDY.edu,3/23/20 14:54,approved,3/24/20 11:06,3/24/20 14:03,178,United States
139,SRVZGF5@BOP.LDY.edu,,,3/24/20 15:01,3/24/20 15:09,9,United States
140,DSSQOIS@YJ8.YMM.edu,3/22/20 17:11,approved,3/24/20 10:59,3/24/20 15:19,261,United States
141,4JMBQQ6@R1I.ULS.edu,3/24/20 5:17,approved,3/24/20 14:01,3/24/20 14:32,32,India
142,4JMBQQ6@R1I.ULS.edu,,,3/24/20 14:32,3/24/20 14:33,1,India
143,4JMBQQ6@R1I.ULS.edu,,,3/24/20 14:33,3/24/20 14:34,2,India
144,4JMBQQ6@R1I.ULS.edu,,,3/24/20 14:36,3/24/20 14:37,2,India
145,4JMBQQ6@R1I.ULS.edu,,,3/24/20 14:42,3/24/20 14:43,2,India
146,4JMBQQ6@R1I.ULS.edu,,,3/24/20 14:44,3/24/20 14:45,1,India
147,4JMBQQ6@R1I.ULS.edu,,,3/24/20 14:53,3/24/20 14:54,1,India
148,4JMBQQ6@R1I.ULS.edu,,,3/24/20 14:54,3/24/20 15:02,8,India
149,4JMBQQ6@R1I.ULS.edu,,,3/24/20 15:06,3/24/20 15:07,1,India
150,4JMBQQ6@R1I.ULS.edu,,,3/24/20 15:07,3/24/20 15:07,1,India
151,4JMBQQ6@R1I.ULS.edu,,,3/24/20 15:07,3/24/20 15:11,4,India
152,4JMBQQ6@R1I.ULS.edu,,,3/24/20 14:35,3/24/20 14:36,2,India
153,4JMBQQ6@R1I.ULS.edu,,,3/24/20 14:37,3/24/20 14:39,2,India
154,4JMBQQ6@R1I.ULS.edu,,,3/24/20 14:39,3/24/20 14:41,2,India
155,4JMBQQ6@R1I.ULS.edu,,,3/24/20 14:41,3/24/20 14:42,2,India
156,4JMBQQ6@R1I.ULS.edu,,,3/24/20 14:43,3/24/20 14:44,1,India
157,4JMBQQ6@R1I.ULS.edu,,,3/24/20 14:45,3/24/20 14:47,2,India
158,4JMBQQ6@R1I.ULS.edu,,,3/24/20 14:47,3/24/20 14:53,7,India
159,4JMBQQ6@R1I.ULS.edu,,,3/24/20 15:02,3/24/20 15:06,4,India
160,4JMBQQ6@R1I.ULS.edu,,,3/24/20 10:59,3/24/20 13:00,121,India
161,0P2RDOM@0X0.SAH.edu,3/24/20 3:14,approved,3/24/20 11:38,3/24/20 11:56,18,India
162,RO7YTG9@MUM.U8M.edu,3/21/20 10:08,approved,3/24/20 10:57,3/24/20 12:06,70,United States
163,RO7YTG9@MUM.U8M.edu,,,3/24/20 12:22,3/24/20 13:01,40,United States
164,RO7YTG9@MUM.U8M.edu,,,3/24/20 14:40,3/24/20 15:21,41,United States
165,RO7YTG9@MUM.U8M.edu,,,3/24/20 15:21,3/24/20 15:29,8,United States
166,V8SJJ2Q@DXM.7P9.edu,3/19/20 18:03,approved,3/24/20 11:02,3/24/20 11:36,35,United States
167,G76OULA@GN6.WCK.edu,3/24/20 12:43,approved,3/24/20 12:43,3/24/20 12:52,10,United States
168,NOYSJ06@VQK.LM7.edu,3/19/20 16:52,approved,3/24/20 12:59,3/24/20 12:59,1,United States
169,NOYSJ06@VQK.LM7.edu,,,3/24/20 10:58,3/24/20 12:41,103,United States
170,XA79VIC@I2E.IR1.edu,3/23/20 10:46,approved,3/24/20 10:58,3/24/20 15:00,243,Italy
171,TJF6J1V@9G8.JPR.edu,3/20/20 10:05,approved,3/24/20 11:02,3/24/20 11:06,5,United States
172,55FPH8K@XXN.PSM.edu,3/24/20 2:08,approved,3/24/20 15:27,3/24/20 15:28,1,United States
173,55FPH8K@XXN.PSM.edu,,,3/24/20 10:58,3/24/20 15:09,252,United States
174,3G182MH@XL5.PQJ.edu,3/23/20 21:12,approved,3/24/20 10:51,3/24/20 13:16,146,United States
175,3G182MH@XL5.PQJ.edu,,,3/24/20 13:17,3/24/20 15:11,114,United States
176,4NQQ7XB@SNY.AD1.edu,3/24/20 10:54,approved,3/24/20 10:54,3/24/20 15:21,267,United States
177,S6H3SW5@LUG.H1B.edu,3/24/20 4:55,approved,3/24/20 10:55,3/24/20 13:53,178,Slovenia
178,4B9CRZV@59Q.7WS.edu,3/19/20 14:09,approved,3/24/20 10:57,3/24/20 12:04,68,United States
179,4B9CRZV@59Q.7WS.edu,,,3/24/20 12:27,3/24/20 13:03,36,United States
180,EEOL0VJ@D3B.ZFL.edu,3/23/20 20:29,approved,3/24/20 11:17,3/24/20 12:04,47,United States
181,EEOL0VJ@D3B.ZFL.edu,,,3/24/20 13:21,3/24/20 13:53,32,United States
182,1HXXA2W@2G4.ANY.edu,3/24/20 9:31,approved,3/24/20 10:58,3/24/20 11:04,7,United States
183,1HXXA2W@2G4.ANY.edu,,,3/24/20 13:58,3/24/20 13:59,1,United States
184,GQ3Z143@TAT.M2A.edu,3/24/20 5:51,approved,3/24/20 11:34,3/24/20 11:38,4,Netherlands
185,KVB0QHV@8PJ.FSS.edu,3/24/20 11:06,approved,3/24/20 11:06,3/24/20 15:07,241,United States
186,1ILBY74@M94.B5U.edu,3/19/20 18:05,approved,3/24/20 12:54,3/24/20 12:56,3,United States
187,1ILBY74@M94.B5U.edu,,,3/24/20 10:57,3/24/20 12:03,66,United States
188,Q0B5LQN@CI0.CQD.edu,3/24/20 6:13,approved,3/24/20 12:01,3/24/20 12:05,4,Belgium
189,Q0B5LQN@CI0.CQD.edu,,,3/24/20 14:18,3/24/20 15:10,53,Belgium
190,Q0B5LQN@CI0.CQD.edu,,,3/24/20 15:12,3/24/20 15:25,13,Belgium
191,Q0B5LQN@CI0.CQD.edu,,,3/24/20 12:38,3/24/20 14:05,88,Belgium
192,9XD7JBT@O68.1RF.edu,3/24/20 10:05,approved,3/24/20 10:05,3/24/20 15:09,305,United States
193,FJZ5I8F@TZM.E3B.edu,3/19/20 17:37,approved,3/24/20 14:39,3/24/20 15:29,50,United States
194,FJZ5I8F@TZM.E3B.edu,,,3/24/20 10:57,3/24/20 14:39,223,United States
195,250HFIG@PC6.0W0.edu,3/24/20 10:52,approved,3/24/20 10:52,3/24/20 12:57,126,United States
196,Z0GCCM0@NR9.I5E.edu,3/23/20 17:30,approved,3/24/20 11:32,3/24/20 15:10,219,Switzerland
197,KOHGKVF@RT0.OYG.edu,3/24/20 13:12,approved,3/24/20 13:12,3/24/20 13:14,2,United States
198,KOHGKVF@RT0.OYG.edu,,,3/24/20 13:14,3/24/20 13:16,3,United States
199,XH9UOPE@ISI.32N.edu,3/20/20 19:44,approved,3/24/20 11:02,3/24/20 14:44,222,United States
200,PBBUOXO@BDD.Y4E.edu,3/20/20 10:33,approved,3/24/20 10:37,3/24/20 15:29,293,Netherlands
201,PX23YKR@0K5.LX5.edu,3/20/20 8:22,approved,3/24/20 10:37,3/24/20 15:29,292,Netherlands
202,R76ENHN@DYG.1LK.edu,3/24/20 14:03,approved,3/24/20 14:03,3/24/20 14:41,39,United States
203,RTC69NH@29W.KJ9.edu,3/19/20 17:10,approved,3/24/20 13:57,3/24/20 15:03,66,United States
204,RTC69NH@29W.KJ9.edu,,,3/24/20 10:59,3/24/20 14:00,182,United States
205,RTC69NH@29W.KJ9.edu,,,3/24/20 11:00,3/24/20 13:09,129,United States
206,W8OFOK8@X0L.KV2.edu,3/20/20 14:12,approved,3/24/20 10:53,3/24/20 15:09,256,United States
207,98VXV2C@1XJ.K9U.edu,3/22/20 18:42,approved,3/24/20 12:20,3/24/20 12:46,26,United States
208,98VXV2C@1XJ.K9U.edu,,,3/24/20 12:47,3/24/20 13:15,28,United States
209,8THI43M@167.1PK.edu,3/24/20 10:58,approved,3/24/20 10:59,3/24/20 15:28,269,United States
210,JWEXSJU@U3S.F1W.edu,3/23/20 14:21,approved,3/24/20 10:46,3/24/20 11:52,67,France
211,JWEXSJU@U3S.F1W.edu,,,3/24/20 13:06,3/24/20 14:11,66,France
212,61HIIUH@NLF.H45.edu,3/19/20 16:50,approved,3/24/20 11:01,3/24/20 13:54,173,United States
213,61HIIUH@NLF.H45.edu,,,3/24/20 11:01,3/24/20 12:56,115,United States
214,61HIIUH@NLF.H45.edu,,,3/24/20 12:47,3/24/20 13:02,16,United States
215,Y78OPIO@U8H.YZ0.edu,3/24/20 10:27,approved,3/24/20 10:27,3/24/20 13:02,155,United States
216,SQRSVAP@0KY.YDS.edu,3/23/20 15:41,approved,3/24/20 11:47,3/24/20 15:10,204,United States
217,2FTHMEI@UKE.1M7.edu,3/24/20 11:17,approved,3/24/20 11:17,3/24/20 11:21,4,United States
218,L923I6I@AY3.Z8Z.edu,3/20/20 14:23,approved,3/24/20 10:54,3/24/20 12:05,71,United States
219,L923I6I@AY3.Z8Z.edu,,,3/24/20 12:53,3/24/20 12:54,1,United States
220,L923I6I@AY3.Z8Z.edu,,,3/24/20 12:55,3/24/20 12:55,1,United States
221,8WU8R0X@SIH.J7I.edu,3/20/20 18:15,approved,3/24/20 10:59,3/24/20 11:14,15,United States
222,5ZC3SBK@UJG.YLL.edu,3/20/20 14:26,approved,3/24/20 10:56,3/24/20 13:47,171,United States
223,1E8RTY9@7W3.8WM.edu,3/23/20 18:25,approved,3/24/20 12:32,3/24/20 13:53,81,United States
224,1E8RTY9@7W3.8WM.edu,,,3/24/20 13:59,3/24/20 15:12,73,United States
225,1E8RTY9@7W3.8WM.edu,,,3/24/20 10:59,3/24/20 12:03,65,United States
226,DRNEMCG@O9F.EUQ.edu,3/24/20 9:56,approved,3/24/20 10:57,3/24/20 15:11,254,United States
227,59RSHL4@Y6S.0D1.edu,3/24/20 11:37,approved,3/24/20 11:37,3/24/20 11:38,1,United States
228,VKGLM85@IWM.19Q.edu,3/24/20 12:26,approved,3/24/20 12:26,3/24/20 12:30,5,Turkey
229,OZR465F@3JR.V3B.edu,3/19/20 15:01,approved,3/24/20 13:26,3/24/20 13:43,17,United States
230,OZR465F@3JR.V3B.edu,,,3/24/20 14:18,3/24/20 14:43,26,United States
231,OZR465F@3JR.V3B.edu,,,3/24/20 14:43,3/24/20 14:45,2,United States
232,OZR465F@3JR.V3B.edu,,,3/24/20 11:01,3/24/20 13:29,149,United States
233,OOBT1WQ@TEA.R9M.edu,3/22/20 9:40,approved,3/24/20 10:45,3/24/20 14:41,237,United States
234,OOBT1WQ@TEA.R9M.edu,,,3/24/20 14:41,3/24/20 14:56,15,United States
235,OOBT1WQ@TEA.R9M.edu,,,3/24/20 14:56,3/24/20 14:58,2,United States
236,OOBT1WQ@TEA.R9M.edu,,,3/24/20 14:58,3/24/20 15:03,6,United States
237,R40Q2UH@NOB.SYZ.edu,3/23/20 15:02,approved,3/24/20 10:50,3/24/20 12:03,74,United States
238,R40Q2UH@NOB.SYZ.edu,,,3/24/20 12:30,3/24/20 13:12,42,United States
239,R40Q2UH@NOB.SYZ.edu,,,3/24/20 14:01,3/24/20 14:02,2,United States
240,FPLU1YY@DB5.NII.edu,3/20/20 0:03,approved,3/24/20 10:56,3/24/20 11:07,11,United States
241,FPLU1YY@DB5.NII.edu,,,3/24/20 13:16,3/24/20 15:29,134,United States
242,5NYLPSD@FGB.2QA.edu,3/19/20 17:04,approved,3/24/20 11:00,3/24/20 15:14,254,United States
243,TSRIEBW@NKD.E2V.edu,3/24/20 10:57,approved,3/24/20 10:58,3/24/20 12:03,66,United States
244,SP8EURD@Y3K.0FE.edu,3/21/20 20:37,approved,3/24/20 10:58,3/24/20 11:29,31,United States
245,TCACZJY@IPP.L9F.edu,3/23/20 22:54,approved,3/24/20 11:15,3/24/20 11:28,13,United States
246,TCACZJY@IPP.L9F.edu,,,3/24/20 13:17,3/24/20 13:19,3,United States
247,ZC1B7FS@MR5.6RZ.edu,3/23/20 17:17,approved,3/24/20 10:59,3/24/20 11:06,8,United States
248,ZC1B7FS@MR5.6RZ.edu,,,3/24/20 11:04,3/24/20 15:09,246,United States
249,OH82J4B@CND.R7B.edu,3/19/20 20:27,approved,3/24/20 10:59,3/24/20 12:00,62,United States
250,OH82J4B@CND.R7B.edu,,,3/24/20 12:37,3/24/20 15:19,163,United States
251,E2YF0UA@BZ5.MMR.edu,3/20/20 21:14,approved,3/24/20 11:29,3/24/20 14:59,210,United States
252,YPI6K79@QXQ.47W.edu,3/24/20 9:27,approved,3/24/20 10:04,3/24/20 13:26,203,United States
253,YPI6K79@QXQ.47W.edu,,,3/24/20 14:07,3/24/20 14:18,11,United States
254,9MG4EV1@GAR.0G6.edu,3/24/20 9:52,approved,3/24/20 14:04,3/24/20 15:04,60,United States
255,513GC8R@HCZ.9SX.edu,3/24/20 11:50,approved,3/24/20 11:56,3/24/20 12:01,5,United States
256,NESWM6D@NJK.MHK.edu,3/19/20 18:06,approved,3/24/20 12:17,3/24/20 12:31,14,United States
257,NESWM6D@NJK.MHK.edu,,,3/24/20 13:09,3/24/20 13:53,44,United States
258,NESWM6D@NJK.MHK.edu,,,3/24/20 11:05,3/24/20 12:04,59,United States
259,FU0A84F@G5K.YTV.edu,3/24/20 11:04,approved,3/24/20 11:04,3/24/20 11:10,6,United States
260,P6V6UBN@EX5.LJR.edu,3/21/20 17:28,approved,3/24/20 10:13,3/24/20 14:44,271,Czechia
261,0GOSOSH@3RY.V2K.edu,3/22/20 12:57,approved,3/24/20 11:05,3/24/20 12:27,82,United States
262,0GOSOSH@3RY.V2K.edu,,,3/24/20 12:45,3/24/20 13:55,71,United States
263,7ANRS3P@OSZ.7NS.edu,3/21/20 21:43,approved,3/24/20 11:03,3/24/20 11:04,2,United States
264,7ANRS3P@OSZ.7NS.edu,,,3/24/20 11:05,3/24/20 11:40,36,United States
265,7ANRS3P@OSZ.7NS.edu,,,3/24/20 12:50,3/24/20 12:51,2,United States
266,44VWXO8@SQP.AL9.edu,3/19/20 19:07,approved,3/24/20 10:53,3/24/20 11:33,41,United States
267,44VWXO8@SQP.AL9.edu,,,3/24/20 13:06,3/24/20 13:07,2,United States
268,44VWXO8@SQP.AL9.edu,,,3/24/20 13:10,3/24/20 13:52,43,United States
269,44VWXO8@SQP.AL9.edu,,,3/24/20 11:33,3/24/20 11:57,24,United States
270,H6O1HGE@TY3.ES8.edu,3/24/20 12:48,approved,3/24/20 13:42,3/24/20 15:29,107,Malaysia
271,H6O1HGE@TY3.ES8.edu,,,3/24/20 12:49,3/24/20 13:42,53,Malaysia
272,J7M8TDM@QPQ.L9Y.edu,3/19/20 17:00,approved,3/24/20 10:56,3/24/20 11:50,55,United States
273,J7M8TDM@QPQ.L9Y.edu,,,3/24/20 12:18,3/24/20 14:00,102,United States
274,0RT3ZTW@ZUT.27B.edu,3/24/20 9:27,approved,3/24/20 10:19,3/24/20 10:48,29,India
275,0RT3ZTW@ZUT.27B.edu,,,3/24/20 12:09,3/24/20 12:19,10,India
276,0RT3ZTW@ZUT.27B.edu,,,3/24/20 11:06,3/24/20 11:07,2,India
277,0RT3ZTW@ZUT.27B.edu,,,3/24/20 11:07,3/24/20 11:08,2,India
278,0RT3ZTW@ZUT.27B.edu,,,3/24/20 11:08,3/24/20 11:10,2,India
279,0RT3ZTW@ZUT.27B.edu,,,3/24/20 11:12,3/24/20 11:13,2,India
280,0RT3ZTW@ZUT.27B.edu,,,3/24/20 11:15,3/24/20 11:16,2,India
281,0RT3ZTW@ZUT.27B.edu,,,3/24/20 11:18,3/24/20 11:24,6,India
282,0RT3ZTW@ZUT.27B.edu,,,3/24/20 12:19,3/24/20 12:23,4,India
283,0RT3ZTW@ZUT.27B.edu,,,3/24/20 10:59,3/24/20 11:06,8,India
284,0RT3ZTW@ZUT.27B.edu,,,3/24/20 11:10,3/24/20 11:12,3,India
285,0RT3ZTW@ZUT.27B.edu,,,3/24/20 11:13,3/24/20 11:15,2,India
286,0RT3ZTW@ZUT.27B.edu,,,3/24/20 11:16,3/24/20 11:17,2,India
287,0RT3ZTW@ZUT.27B.edu,,,3/24/20 11:17,3/24/20 11:18,2,India
288,0RT3ZTW@ZUT.27B.edu,,,3/24/20 11:24,3/24/20 12:01,37,India
289,36Q59U8@XGT.WGS.edu,3/24/20 9:46,approved,3/24/20 12:31,3/24/20 12:53,22,United States
290,36Q59U8@XGT.WGS.edu,,,3/24/20 13:13,3/24/20 13:55,42,United States
291,36Q59U8@XGT.WGS.edu,,,3/24/20 14:01,3/24/20 14:22,21,United States
292,36Q59U8@XGT.WGS.edu,,,3/24/20 14:39,3/24/20 15:08,29,United States
293,36Q59U8@XGT.WGS.edu,,,3/24/20 10:58,3/24/20 11:42,44,United States
294,OJ67GNK@HDC.UWE.edu,3/24/20 10:24,approved,3/24/20 10:24,3/24/20 10:25,1,United States
295,OJ67GNK@HDC.UWE.edu,,,3/24/20 10:33,3/24/20 15:21,288,United States
296,6Z684L8@VIO.LNA.edu,3/23/20 23:27,approved,3/24/20 10:14,3/24/20 10:17,3,United States
297,6Z684L8@VIO.LNA.edu,,,3/24/20 10:35,3/24/20 10:36,1,United States
298,6Z684L8@VIO.LNA.edu,,,3/24/20 13:24,3/24/20 15:25,121,United States
299,6Z684L8@VIO.LNA.edu,,,3/24/20 10:59,3/24/20 11:02,3,United States
300,TUZZFD1@9PA.P8K.edu,3/21/20 20:45,approved,3/24/20 10:43,3/24/20 14:21,218,United States
301,X7GTGE0@2ZW.S5V.edu,3/24/20 11:02,approved,3/24/20 13:08,3/24/20 15:09,121,United States
302,X7GTGE0@2ZW.S5V.edu,,,3/24/20 11:02,3/24/20 12:03,62,United States
303,X1AP79Y@FAO.BGI.edu,3/23/20 23:24,approved,3/24/20 11:36,3/24/20 15:03,208,United States
304,7NLMQQ0@V2M.0BR.edu,3/19/20 17:37,approved,3/24/20 10:28,3/24/20 15:29,301,United States
305,AGLG0AC@09I.X0Y.edu,3/22/20 19:44,approved,3/24/20 11:44,3/24/20 15:12,208,United States
306,44BOCZI@TI4.7FO.edu,3/24/20 9:56,approved,3/24/20 10:04,3/24/20 10:13,10,Belgium
307,44BOCZI@TI4.7FO.edu,,,3/24/20 10:32,3/24/20 15:09,278,Belgium
308,A7NUK7J@LEY.IET.edu,3/20/20 21:40,approved,3/24/20 11:04,3/24/20 14:50,227,United States
309,MAQGTRZ@54Q.LIC.edu,3/24/20 12:34,approved,3/24/20 12:35,3/24/20 13:08,34,United States
310,NXMP63D@27N.2VJ.edu,3/24/20 11:43,approved,3/24/20 11:57,3/24/20 11:58,1,United States
311,NXMP63D@27N.2VJ.edu,,,3/24/20 13:20,3/24/20 13:53,33,United States
312,NXMP63D@27N.2VJ.edu,,,3/24/20 14:07,3/24/20 15:12,66,United States
313,NXMP63D@27N.2VJ.edu,,,3/24/20 11:43,3/24/20 11:45,3,United States
314,NXMP63D@27N.2VJ.edu,,,3/24/20 11:45,3/24/20 11:57,13,United States
315,NXMP63D@27N.2VJ.edu,,,3/24/20 11:58,3/24/20 12:07,10,United States
316,RD248VI@3VC.QCY.edu,3/23/20 19:10,approved,3/24/20 11:30,3/24/20 11:37,7,United States
317,RD248VI@3VC.QCY.edu,,,3/24/20 11:48,3/24/20 11:51,4,United States
318,G2M9SG7@GU3.F2L.edu,3/24/20 3:01,approved,3/24/20 11:03,3/24/20 11:11,9,United States
319,G2M9SG7@GU3.F2L.edu,,,3/24/20 11:12,3/24/20 11:37,25,United States
320,G2M9SG7@GU3.F2L.edu,,,3/24/20 11:36,3/24/20 12:03,28,United States
321,G2M9SG7@GU3.F2L.edu,,,3/24/20 12:30,3/24/20 15:16,167,United States
322,8OTFNQ4@YM8.V48.edu,3/23/20 13:35,approved,3/24/20 10:52,3/24/20 11:01,9,United Kingdom
323,8OTFNQ4@YM8.V48.edu,,,3/24/20 11:07,3/24/20 11:18,12,United Kingdom
324,8OTFNQ4@YM8.V48.edu,,,3/24/20 11:18,3/24/20 11:21,3,United Kingdom
325,8OTFNQ4@YM8.V48.edu,,,3/24/20 11:21,3/24/20 13:03,102,United Kingdom
326,8OTFNQ4@YM8.V48.edu,,,3/24/20 13:11,3/24/20 13:54,44,United Kingdom
327,8OTFNQ4@YM8.V48.edu,,,3/24/20 11:01,3/24/20 11:07,6,United Kingdom
328,MXDTL5D@P8M.LBH.edu,3/23/20 18:52,approved,3/24/20 13:19,3/24/20 15:08,110,United States
329,MXDTL5D@P8M.LBH.edu,,,3/24/20 10:57,3/24/20 13:14,137,United States
330,AL3ICZU@IP1.0A9.edu,3/23/20 11:43,approved,3/24/20 10:14,3/24/20 15:26,313,Turkey
331,NN7S7AR@E0X.XGX.edu,3/23/20 13:32,approved,3/24/20 11:07,3/24/20 11:09,2,United States
332,NN7S7AR@E0X.XGX.edu,,,3/24/20 11:11,3/24/20 11:14,4,United States
333,919VZ86@26Z.CLW.edu,3/21/20 9:10,approved,3/24/20 10:59,3/24/20 13:50,171,Germany
334,2VHAQSZ@M8Y.O2B.edu,3/24/20 12:32,approved,3/24/20 12:32,3/24/20 14:55,144,Norway
335,L5STC3V@WIJ.GIS.edu,3/24/20 11:40,approved,3/24/20 12:27,3/24/20 14:06,99,United States
336,L5STC3V@WIJ.GIS.edu,,,3/24/20 14:06,3/24/20 15:10,65,United States
337,L5STC3V@WIJ.GIS.edu,,,3/24/20 11:42,3/24/20 12:04,22,United States
338,DW2EMYD@545.UX1.edu,3/24/20 9:10,approved,3/24/20 10:55,3/24/20 15:09,255,United States
339,VCMHIHT@PNC.PTO.edu,3/24/20 0:55,approved,3/24/20 11:41,3/24/20 12:02,21,United States
340,VCMHIHT@PNC.PTO.edu,,,3/24/20 14:21,3/24/20 15:03,42,United States
341,FRCXYI0@HKH.S16.edu,3/24/20 11:04,approved,3/24/20 11:04,3/24/20 12:03,59,United States
342,FRCXYI0@HKH.S16.edu,,,3/24/20 13:28,3/24/20 15:10,102,United States
343,2Y4V6VE@QZJ.YOX.edu,3/23/20 14:01,approved,3/24/20 10:33,3/24/20 14:49,256,United States
344,Z7G5FSH@1EF.TIJ.edu,3/19/20 17:40,approved,3/24/20 10:54,3/24/20 13:11,138,United States
345,Z7G5FSH@1EF.TIJ.edu,,,3/24/20 13:54,3/24/20 15:22,88,United States
346,BGG9MON@B39.IFY.edu,3/23/20 10:21,approved,3/24/20 11:08,3/24/20 11:10,2,United States
347,BGG9MON@B39.IFY.edu,,,3/24/20 11:24,3/24/20 11:25,1,United States
348,BGG9MON@B39.IFY.edu,,,3/24/20 11:30,3/24/20 11:32,2,United States
349,BGG9MON@B39.IFY.edu,,,3/24/20 11:32,3/24/20 11:33,2,United States
350,BGG9MON@B39.IFY.edu,,,3/24/20 11:37,3/24/20 11:39,2,United States
351,BGG9MON@B39.IFY.edu,,,3/24/20 11:39,3/24/20 11:40,2,United States
352,BGG9MON@B39.IFY.edu,,,3/24/20 11:40,3/24/20 11:44,4,United States
353,BGG9MON@B39.IFY.edu,,,3/24/20 11:45,3/24/20 12:35,51,United States
354,BGG9MON@B39.IFY.edu,,,3/24/20 11:33,3/24/20 11:35,2,United States
355,BGG9MON@B39.IFY.edu,,,3/24/20 11:35,3/24/20 11:36,2,United States
356,BGG9MON@B39.IFY.edu,,,3/24/20 11:36,3/24/20 11:37,2,United States
357,BGG9MON@B39.IFY.edu,,,3/24/20 11:05,3/24/20 11:05,1,United States
358,BGG9MON@B39.IFY.edu,,,3/24/20 11:05,3/24/20 11:06,1,United States
359,BGG9MON@B39.IFY.edu,,,3/24/20 11:06,3/24/20 11:08,3,United States
360,BGG9MON@B39.IFY.edu,,,3/24/20 11:10,3/24/20 11:24,15,United States
361,BGG9MON@B39.IFY.edu,,,3/24/20 11:44,3/24/20 11:45,1,United States
362,BGG9MON@B39.IFY.edu,,,3/24/20 12:35,3/24/20 15:29,174,United States
363,43MXYAB@DIH.X8V.edu,3/23/20 5:45,approved,3/24/20 10:52,3/24/20 11:58,66,Germany
364,43MXYAB@DIH.X8V.edu,,,3/24/20 12:07,3/24/20 12:24,17,Germany
365,43MXYAB@DIH.X8V.edu,,,3/24/20 13:29,3/24/20 13:39,10,Germany
366,43MXYAB@DIH.X8V.edu,,,3/24/20 13:57,3/24/20 14:53,56,Germany
367,UFKQKTA@GTD.BH6.edu,3/19/20 17:03,approved,3/24/20 10:53,3/24/20 14:42,230,United States
368,K9EIP52@6BK.DIZ.edu,3/23/20 4:04,approved,3/24/20 10:52,3/24/20 11:35,44,Germany
369,46YURR7@PLM.THJ.edu,3/20/20 20:31,approved,3/24/20 11:18,3/24/20 12:03,46,United States
370,46YURR7@PLM.THJ.edu,,,3/24/20 12:34,3/24/20 12:52,18,United States
371,46YURR7@PLM.THJ.edu,,,3/24/20 13:12,3/24/20 13:33,22,United States
372,1XK98VL@0OA.HHN.edu,3/23/20 11:41,approved,3/24/20 13:10,3/24/20 13:13,4,United States
373,1XK98VL@0OA.HHN.edu,,,3/24/20 10:58,3/24/20 13:10,133,United States
374,R4RKK1J@A60.9D1.edu,3/20/20 17:09,approved,3/24/20 10:59,3/24/20 12:03,65,Singapore
375,4LV1GGY@UXH.H73.edu,3/23/20 10:21,approved,3/24/20 11:00,3/24/20 11:05,6,United States
376,84KJE6J@04D.ARZ.edu,3/24/20 11:06,approved,3/24/20 13:39,3/24/20 13:46,8,Egypt
377,84KJE6J@04D.ARZ.edu,,,3/24/20 13:57,3/24/20 15:14,77,Egypt
378,84KJE6J@04D.ARZ.edu,,,3/24/20 11:06,3/24/20 12:05,60,Egypt
379,R6CHG99@D2D.15D.edu,3/20/20 13:57,approved,3/24/20 13:51,3/24/20 14:00,9,United States
380,R6CHG99@D2D.15D.edu,,,3/24/20 14:00,3/24/20 14:01,2,United States
381,R6CHG99@D2D.15D.edu,,,3/24/20 14:03,3/24/20 14:05,2,United States
382,R6CHG99@D2D.15D.edu,,,3/24/20 14:05,3/24/20 14:06,2,United States
383,R6CHG99@D2D.15D.edu,,,3/24/20 14:07,3/24/20 14:08,2,United States
384,R6CHG99@D2D.15D.edu,,,3/24/20 14:08,3/24/20 14:09,1,United States
385,R6CHG99@D2D.15D.edu,,,3/24/20 14:09,3/24/20 14:11,2,United States
386,R6CHG99@D2D.15D.edu,,,3/24/20 14:11,3/24/20 14:12,1,United States
387,R6CHG99@D2D.15D.edu,,,3/24/20 14:12,3/24/20 14:13,1,United States
388,R6CHG99@D2D.15D.edu,,,3/24/20 14:16,3/24/20 15:12,57,United States
389,EJX02BT@8BD.0Q8.edu,3/20/20 7:20,approved,3/24/20 10:57,3/24/20 15:15,259,Canada
390,T3E6KWA@0H2.GKK.edu,3/20/20 12:39,approved,3/24/20 10:49,3/24/20 12:02,74,United States
391,KVNW75R@RX2.PQX.edu,3/21/20 8:12,approved,3/24/20 11:31,3/24/20 13:25,115,Netherlands
392,KVNW75R@RX2.PQX.edu,,,3/24/20 13:26,3/24/20 13:31,6,Netherlands
393,KVNW75R@RX2.PQX.edu,,,3/24/20 14:01,3/24/20 14:06,6,Netherlands
394,KVNW75R@RX2.PQX.edu,,,3/24/20 11:02,3/24/20 11:05,4,Netherlands
395,6ZN1UPP@OUI.88R.edu,3/20/20 22:53,approved,3/24/20 10:53,3/24/20 11:06,14,India
396,EMTU7E4@57H.2WV.edu,3/24/20 11:39,approved,3/24/20 11:40,3/24/20 12:29,50,United States
397,EMTU7E4@57H.2WV.edu,,,3/24/20 13:04,3/24/20 13:30,27,United States
398,XT7PGQL@HTL.EMI.edu,3/20/20 12:40,approved,3/24/20 14:45,3/24/20 15:29,45,United States
399,XT7PGQL@HTL.EMI.edu,,,3/24/20 11:01,3/24/20 11:10,9,United States
400,XT7PGQL@HTL.EMI.edu,,,3/24/20 11:10,3/24/20 14:20,190,United States
401,VYFHE8A@STX.B3D.edu,3/19/20 16:46,approved,3/24/20 12:10,3/24/20 12:47,37,United States
402,VYFHE8A@STX.B3D.edu,,,3/24/20 10:57,3/24/20 12:10,73,United States
403,1JQUDVO@MB7.ISR.edu,3/23/20 12:01,approved,3/24/20 13:53,3/24/20 13:57,4,United States
404,5SLA4FA@1UQ.Y55.edu,3/24/20 3:32,approved,3/24/20 10:58,3/24/20 11:00,2,Switzerland
405,5SLA4FA@1UQ.Y55.edu,,,3/24/20 11:00,3/24/20 11:02,2,Switzerland
406,UT2FNWE@9M0.WAZ.edu,3/24/20 11:00,approved,3/24/20 11:00,3/24/20 15:15,256,United States
407,U2EMJ5J@CNP.9OG.edu,3/23/20 12:31,approved,3/24/20 10:52,3/24/20 10:52,1,United States
408,U2EMJ5J@CNP.9OG.edu,,,3/24/20 10:53,3/24/20 15:05,253,United States
409,K5B74XD@8P7.EO3.edu,3/20/20 13:05,approved,3/24/20 14:19,3/24/20 14:42,24,United States
410,K5B74XD@8P7.EO3.edu,,,3/24/20 12:49,3/24/20 13:13,25,United States
411,NNZGG84@ZG8.GK2.edu,3/23/20 15:12,approved,3/24/20 10:58,3/24/20 11:01,3,United States
412,NNZGG84@ZG8.GK2.edu,,,3/24/20 11:02,3/24/20 11:52,51,United States
413,SQ8Z43F@9PV.5M3.edu,3/23/20 15:31,approved,3/24/20 11:25,3/24/20 13:54,149,United States
414,SQ8Z43F@9PV.5M3.edu,,,3/24/20 14:05,3/24/20 14:47,43,United States
415,6JNW7JB@2G1.ZP6.edu,3/23/20 15:32,approved,3/24/20 10:58,3/24/20 15:08,251,United States
416,C53NT8T@QBF.RHC.edu,3/22/20 23:10,approved,3/24/20 10:04,3/24/20 10:05,2,Singapore
417,C53NT8T@QBF.RHC.edu,,,3/24/20 10:06,3/24/20 10:06,1,Singapore
418,C53NT8T@QBF.RHC.edu,,,3/24/20 10:50,3/24/20 13:10,141,Singapore
419,W9OFMIC@TCI.XNE.edu,3/24/20 14:04,approved,3/24/20 14:04,3/24/20 15:21,78,United States
420,DUIZA3I@5OG.C6D.edu,3/19/20 17:26,approved,3/24/20 10:17,3/24/20 11:18,62,United States
421,DUIZA3I@5OG.C6D.edu,,,3/24/20 11:21,3/24/20 15:24,244,United States
422,A1L28OP@FPN.34T.edu,3/20/20 9:45,approved,3/24/20 11:02,3/24/20 14:37,215,United States
423,GN0OMXU@96C.24V.edu,3/22/20 17:34,approved,3/24/20 11:07,3/24/20 15:03,236,United States
424,GN0OMXU@96C.24V.edu,,,3/24/20 10:58,3/24/20 11:09,11,United States
425,2SALXI9@LPS.X3P.edu,3/21/20 6:35,approved,3/24/20 11:00,3/24/20 11:03,3,Germany
426,2SALXI9@LPS.X3P.edu,,,3/24/20 11:04,3/24/20 15:29,266,Germany
427,KZ4OVZP@V1R.CH4.edu,3/24/20 9:48,approved,3/24/20 10:57,3/24/20 11:21,25,United States
428,QLAEVCQ@FIR.VFU.edu,3/19/20 13:45,approved,3/24/20 11:09,3/24/20 12:59,110,United States
429,8OR6WUU@IR5.E3Z.edu,3/19/20 17:14,approved,3/24/20 10:58,3/24/20 12:05,67,United States
430,7BQCLT9@FJG.QIN.edu,3/19/20 21:24,approved,3/24/20 13:06,3/24/20 13:20,14,United States
431,7BQCLT9@FJG.QIN.edu,,,3/24/20 11:00,3/24/20 11:10,11,United States
432,7BQCLT9@FJG.QIN.edu,,,3/24/20 11:11,3/24/20 11:39,29,United States
433,SFHY4H1@SB0.OCZ.edu,3/19/20 20:47,approved,3/24/20 10:04,3/24/20 10:04,1,United States
434,SFHY4H1@SB0.OCZ.edu,,,3/24/20 10:49,3/24/20 15:17,268,United States
435,ILAW5BC@148.8QS.edu,3/24/20 10:55,approved,3/24/20 10:55,3/24/20 10:55,1,United States
436,ILAW5BC@148.8QS.edu,,,3/24/20 13:53,3/24/20 13:54,1,United States
437,ILAW5BC@148.8QS.edu,,,3/24/20 10:59,3/24/20 11:05,6,United States
438,5UVFMY1@FPQ.GQH.edu,3/21/20 10:57,approved,3/24/20 10:56,3/24/20 11:30,34,United States
439,S7EFLD8@OOP.7R4.edu,3/23/20 17:29,approved,3/24/20 10:48,3/24/20 15:20,273,United States
440,BIYWZ21@KMZ.OGZ.edu,3/23/20 1:05,approved,3/24/20 10:54,3/24/20 15:17,264,United States
441,F4QQF2F@02Y.T5E.edu,3/21/20 20:36,approved,3/24/20 11:31,3/24/20 15:09,219,United States
442,JFFGLM8@HSB.VRB.edu,3/23/20 12:51,approved,3/24/20 10:49,3/24/20 12:51,122,United States
443,VXNXZEE@17K.UEB.edu,3/20/20 19:36,approved,3/24/20 11:25,3/24/20 11:31,6,United States
444,TIIE66A@CSY.J3P.edu,3/24/20 4:03,approved,3/24/20 10:23,3/24/20 15:29,306,Netherlands
445,CZFN207@9SX.0G2.edu,3/23/20 11:03,approved,3/24/20 11:23,3/24/20 13:34,131,United States
446,CZFN207@9SX.0G2.edu,,,3/24/20 11:48,3/24/20 15:06,199,United States
447,CZFN207@9SX.0G2.edu,,,3/24/20 11:12,3/24/20 15:06,235,United States
448,CZFN207@9SX.0G2.edu,,,3/24/20 13:28,3/24/20 15:05,97,United States
449,RNZH7KL@9LV.HBQ.edu,3/24/20 0:49,approved,3/24/20 10:59,3/24/20 11:01,2,United States
450,LF1QRL6@GRA.1UC.edu,3/23/20 18:47,approved,3/24/20 10:57,3/24/20 12:04,67,United States
451,LF1QRL6@GRA.1UC.edu,,,3/24/20 12:28,3/24/20 12:53,26,United States
452,Z9YJ7XZ@LDZ.6V2.edu,3/23/20 10:43,approved,3/24/20 10:04,3/24/20 11:03,60,United States
453,Z9YJ7XZ@LDZ.6V2.edu,,,3/24/20 11:03,3/24/20 15:01,239,United States
454,LBWB30E@GNP.01O.edu,3/22/20 17:14,approved,3/24/20 12:30,3/24/20 15:07,157,United States
455,LBWB30E@GNP.01O.edu,,,3/24/20 10:58,3/24/20 12:04,66,United States
456,1H4QU5K@MUP.QIY.edu,3/19/20 19:19,approved,3/24/20 10:53,3/24/20 10:53,1,United States
457,1H4QU5K@MUP.QIY.edu,,,3/24/20 10:54,3/24/20 14:42,229,United States
458,Y1CO1DV@B9B.EI1.edu,3/19/20 18:07,approved,3/24/20 10:57,3/24/20 12:25,88,United States
459,QHXN0CD@7I1.65M.edu,3/23/20 15:33,approved,3/24/20 12:22,3/24/20 13:36,74,United States
460,QHXN0CD@7I1.65M.edu,,,3/24/20 13:36,3/24/20 13:37,2,United States
461,QHXN0CD@7I1.65M.edu,,,3/24/20 13:37,3/24/20 14:05,29,United States
462,QHXN0CD@7I1.65M.edu,,,3/24/20 11:31,3/24/20 11:34,4,United States
463,F47ODXK@8YZ.W5T.edu,3/23/20 16:16,approved,3/24/20 12:26,3/24/20 12:42,17,United States
464,F47ODXK@8YZ.W5T.edu,,,3/24/20 11:55,3/24/20 12:00,5,United States
465,9KIEFQM@AL0.Q0P.edu,3/21/20 16:54,approved,3/24/20 10:50,3/24/20 13:33,164,United States
466,Y0K6TTV@ZH2.4DM.edu,3/24/20 10:03,approved,3/24/20 10:49,3/24/20 12:58,129,United States
467,A20WR70@VWK.XUQ.edu,3/21/20 1:47,approved,3/24/20 10:43,3/24/20 11:18,36,Australia
468,GKMY811@WIS.WKT.edu,3/24/20 9:05,approved,3/24/20 11:39,3/24/20 11:47,8,United States
469,GKMY811@WIS.WKT.edu,,,3/24/20 11:57,3/24/20 12:03,7,United States
470,GKMY811@WIS.WKT.edu,,,3/24/20 12:28,3/24/20 12:31,4,United States
471,GKMY811@WIS.WKT.edu,,,3/24/20 13:16,3/24/20 14:21,66,United States
472,GKMY811@WIS.WKT.edu,,,3/24/20 11:47,3/24/20 11:48,2,United States
473,GKMY811@WIS.WKT.edu,,,3/24/20 11:56,3/24/20 11:57,1,United States
474,GKMY811@WIS.WKT.edu,,,3/24/20 11:48,3/24/20 11:48,1,United States
475,GKMY811@WIS.WKT.edu,,,3/24/20 11:49,3/24/20 11:56,8,United States
476,GKMY811@WIS.WKT.edu,,,3/24/20 12:31,3/24/20 12:36,6,United States
477,GKMY811@WIS.WKT.edu,,,3/24/20 12:36,3/24/20 12:37,2,United States
478,GKMY811@WIS.WKT.edu,,,3/24/20 12:37,3/24/20 12:41,4,United States
479,8JFZSG9@E9E.NTU.edu,3/24/20 11:43,approved,3/24/20 12:08,3/24/20 14:27,139,United States
480,8JFZSG9@E9E.NTU.edu,,,3/24/20 11:45,3/24/20 12:07,23,United States
481,FKPIR7G@648.UEP.edu,3/23/20 22:13,approved,3/24/20 14:19,3/24/20 15:01,43,United States
482,FKPIR7G@648.UEP.edu,,,3/24/20 12:50,3/24/20 13:49,59,United States
483,7G46D8V@B5R.FUY.edu,3/19/20 15:55,approved,3/24/20 10:57,3/24/20 12:53,116,Sweden
484,ZZPI99N@RK2.U36.edu,3/23/20 14:17,approved,3/24/20 11:58,3/24/20 12:14,17,United States
485,5OLISB1@AQP.OWH.edu,3/24/20 12:12,approved,3/24/20 12:12,3/24/20 12:13,2,Colombia
486,SGNGRY1@VB2.ETN.edu,3/23/20 14:17,approved,3/24/20 11:00,3/24/20 11:51,52,United States
487,VP3JBM4@DOY.GKI.edu,3/21/20 7:54,approved,3/24/20 10:57,3/24/20 14:20,204,United States
488,9N75522@4JV.MUI.edu,3/24/20 10:44,approved,3/24/20 10:44,3/24/20 12:58,135,United States
489,9N75522@4JV.MUI.edu,,,3/24/20 13:19,3/24/20 15:10,111,United States
490,8O0XOEM@L3S.MHC.edu,3/20/20 4:31,approved,3/24/20 10:54,3/24/20 11:14,21,China
491,HDJ6C3Q@Q2R.DUZ.edu,3/22/20 15:49,approved,3/24/20 14:59,3/24/20 14:59,1,United States
492,HDJ6C3Q@Q2R.DUZ.edu,,,3/24/20 11:08,3/24/20 14:59,231,United States
493,HYYM7AT@846.NZQ.edu,3/24/20 10:21,approved,3/24/20 10:22,3/24/20 10:27,5,Ecuador
494,HYYM7AT@846.NZQ.edu,,,3/24/20 10:27,3/24/20 12:24,117,Ecuador
495,HYYM7AT@846.NZQ.edu,,,3/24/20 12:25,3/24/20 13:51,86,Ecuador
496,HYYM7AT@846.NZQ.edu,,,3/24/20 13:51,3/24/20 13:51,1,Ecuador
497,HYYM7AT@846.NZQ.edu,,,3/24/20 13:51,3/24/20 13:55,5,Ecuador
498,HYYM7AT@846.NZQ.edu,,,3/24/20 13:55,3/24/20 15:29,94,Ecuador
499,V3IL2K8@8W1.NM7.edu,3/24/20 12:10,approved,3/24/20 12:11,3/24/20 12:51,40,United States
500,Z3Y3GDI@XII.C3L.edu,3/24/20 10:14,approved,3/24/20 10:15,3/24/20 10:16,1,United States
501,Z3Y3GDI@XII.C3L.edu,,,3/24/20 10:16,3/24/20 10:17,1,United States
502,Z3Y3GDI@XII.C3L.edu,,,3/24/20 10:54,3/24/20 15:18,264,United States
503,NSEI399@O0P.2ZM.edu,3/19/20 17:04,approved,3/24/20 10:59,3/24/20 13:31,152,United States
504,YDZ1G3C@E38.E0M.edu,3/23/20 21:32,approved,3/24/20 10:59,3/24/20 14:43,225,United States
505,A87CYG8@CHG.FD5.edu,3/24/20 10:06,approved,3/24/20 10:07,3/24/20 10:07,1,United States
506,A87CYG8@CHG.FD5.edu,,,3/24/20 10:59,3/24/20 15:29,271,United States
507,7K5UBMD@YB7.8KK.edu,3/24/20 12:06,approved,3/24/20 13:54,3/24/20 15:03,69,United States
508,3NFA6NS@WTB.TWN.edu,3/24/20 14:06,approved,3/24/20 14:06,3/24/20 14:17,12,United States
509,M4V65O6@A94.E2Q.edu,3/23/20 14:17,approved,3/24/20 10:50,3/24/20 14:04,194,United States
510,XJR0JI3@531.T2W.edu,3/19/20 18:12,approved,3/24/20 11:00,3/24/20 15:25,266,United States
511,QE9P3Z3@677.HSN.edu,3/24/20 12:18,approved,3/24/20 13:03,3/24/20 15:06,124,United States
512,NB76RH7@6VP.LR3.edu,3/24/20 0:41,approved,3/24/20 11:01,3/24/20 11:04,3,India
513,NB76RH7@6VP.LR3.edu,,,3/24/20 11:04,3/24/20 11:06,2,India
514,NB76RH7@6VP.LR3.edu,,,3/24/20 10:58,3/24/20 11:00,2,India
515,NB76RH7@6VP.LR3.edu,,,3/24/20 11:00,3/24/20 11:01,2,India
516,QB92DL0@QIO.II4.edu,3/24/20 9:35,approved,3/24/20 10:57,3/24/20 11:41,45,United States
517,45G6CJX@29I.WMK.edu,3/24/20 13:57,approved,3/24/20 13:57,3/24/20 15:19,83,United States
518,8Y6D66C@T7E.YK2.edu,3/19/20 17:20,approved,3/24/20 12:35,3/24/20 15:19,165,United States
519,68ZXRS7@602.AG3.edu,3/19/20 16:43,approved,3/24/20 10:59,3/24/20 14:14,196,United States
520,QCTZAHF@U90.KUE.edu,3/23/20 6:08,approved,3/24/20 13:18,3/24/20 14:09,52,Germany
521,QCTZAHF@U90.KUE.edu,,,3/24/20 11:11,3/24/20 12:50,100,Germany
522,3MLURKO@KB8.T0L.edu,3/23/20 17:20,approved,3/24/20 10:54,3/24/20 10:58,5,United States
523,3MLURKO@KB8.T0L.edu,,,3/24/20 12:24,3/24/20 13:47,83,United States
524,3MLURKO@KB8.T0L.edu,,,3/24/20 10:59,3/24/20 11:52,54,United States
525,3MLURKO@KB8.T0L.edu,,,3/24/20 10:59,3/24/20 11:02,3,United States
526,3MLURKO@KB8.T0L.edu,,,3/24/20 11:01,3/24/20 12:02,62,United States
527,C4FMX79@OO7.1NG.edu,3/24/20 14:07,approved,3/24/20 14:07,3/24/20 14:43,36,United States
528,C4FMX79@OO7.1NG.edu,,,3/24/20 14:44,3/24/20 14:48,5,United States
529,GTQE223@9WG.S7G.edu,3/20/20 12:44,approved,3/24/20 10:10,3/24/20 10:11,2,United States
530,GTQE223@9WG.S7G.edu,,,3/24/20 10:34,3/24/20 12:33,120,United States
531,GTQE223@9WG.S7G.edu,,,3/24/20 15:08,3/24/20 15:13,6,United States
532,GTQE223@9WG.S7G.edu,,,3/24/20 12:34,3/24/20 13:52,78,United States
533,6C6VPT1@IOW.0M6.edu,3/23/20 23:24,approved,3/24/20 10:54,3/24/20 15:06,253,United States
534,85R1OD6@APW.37G.edu,3/24/20 10:38,approved,3/24/20 10:39,3/24/20 11:11,32,United States
535,9KYQIKC@W36.QG2.edu,3/21/20 10:05,approved,3/24/20 11:10,3/24/20 11:14,4,United States
536,UE2YJ2V@WQV.W3S.edu,3/23/20 15:33,approved,3/24/20 10:43,3/24/20 12:23,101,United States
537,UE2YJ2V@WQV.W3S.edu,,,3/24/20 12:23,3/24/20 13:10,47,United States
538,VWADWW7@4X5.VHI.edu,3/23/20 14:53,approved,3/24/20 10:57,3/24/20 15:06,249,United States
539,STK5PDU@BXU.VHR.edu,3/23/20 15:34,approved,3/24/20 11:21,3/24/20 15:29,248,United States
540,EKHEHUZ@MG5.7I3.edu,3/21/20 14:25,approved,3/24/20 10:29,3/24/20 15:29,300,United States
541,8IDYBJ9@X16.M64.edu,3/24/20 6:49,approved,3/24/20 10:05,3/24/20 10:06,1,India
542,CO7PIGN@642.GLA.edu,3/23/20 21:21,approved,3/24/20 10:56,3/24/20 13:04,128,United States
543,CO7PIGN@642.GLA.edu,,,3/24/20 13:04,3/24/20 13:25,21,United States
544,CO7PIGN@642.GLA.edu,,,3/24/20 13:25,3/24/20 14:06,41,United States
545,WZV2LCH@MZ6.WAL.edu,3/23/20 3:55,approved,3/24/20 11:11,3/24/20 13:08,117,Germany
546,SXUMDJG@UOU.FGR.edu,3/20/20 13:17,approved,3/24/20 11:51,3/24/20 11:55,4,United States
547,SXUMDJG@UOU.FGR.edu,,,3/24/20 10:58,3/24/20 11:01,3,United States
548,SXUMDJG@UOU.FGR.edu,,,3/24/20 11:01,3/24/20 11:07,7,United States
549,SXUMDJG@UOU.FGR.edu,,,3/24/20 11:15,3/24/20 11:16,1,United States
550,SXUMDJG@UOU.FGR.edu,,,3/24/20 11:31,3/24/20 11:50,19,United States
551,SXUMDJG@UOU.FGR.edu,,,3/24/20 11:50,3/24/20 11:51,1,United States
552,SXUMDJG@UOU.FGR.edu,,,3/24/20 11:55,3/24/20 11:58,4,United States
553,D86OK4K@08G.ES7.edu,3/24/20 11:32,approved,3/24/20 11:32,3/24/20 12:03,32,United States
554,N2R86PD@GZA.6TZ.edu,3/24/20 7:31,approved,3/24/20 10:53,3/24/20 11:50,58,South Korea
555,F0CGTA2@DQG.SVA.edu,3/24/20 10:10,approved,3/24/20 10:21,3/24/20 10:25,5,Germany
556,F0CGTA2@DQG.SVA.edu,,,3/24/20 10:26,3/24/20 15:06,281,Germany
557,060YLWW@HG7.X9Y.edu,3/20/20 17:51,approved,3/24/20 12:51,3/24/20 12:58,7,United States
558,060YLWW@HG7.X9Y.edu,,,3/24/20 13:43,3/24/20 13:54,11,United States
559,060YLWW@HG7.X9Y.edu,,,3/24/20 11:03,3/24/20 11:08,5,United States
560,060YLWW@HG7.X9Y.edu,,,3/24/20 11:08,3/24/20 12:02,55,United States
561,W2XSM40@QDT.I0M.edu,3/19/20 17:17,approved,3/24/20 13:41,3/24/20 14:09,28,Denmark
562,W2XSM40@QDT.I0M.edu,,,3/24/20 12:38,3/24/20 13:27,49,Denmark
563,GJS2GEH@OYC.XSO.edu,3/19/20 18:06,approved,3/24/20 12:24,3/24/20 14:43,140,United States
564,GJS2GEH@OYC.XSO.edu,,,3/24/20 11:00,3/24/20 11:25,26,United States
565,3IYTA2D@F04.APK.edu,3/23/20 18:50,approved,3/24/20 12:29,3/24/20 12:38,9,India
566,3IYTA2D@F04.APK.edu,,,3/24/20 11:46,3/24/20 11:47,2,India
567,3IYTA2D@F04.APK.edu,,,3/24/20 11:59,3/24/20 12:07,8,India
568,YYF8FZ6@F2G.C4M.edu,3/23/20 17:13,approved,3/24/20 12:29,3/24/20 15:17,168,United States
569,YYF8FZ6@F2G.C4M.edu,,,3/24/20 10:58,3/24/20 12:03,65,United States
570,INZW8T3@4EM.ERP.edu,3/23/20 15:24,approved,3/24/20 11:03,3/24/20 14:33,210,United States
571,ZLOWYIW@M2W.ASM.edu,3/23/20 15:11,approved,3/24/20 11:01,3/24/20 11:14,13,United States
572,ZLOWYIW@M2W.ASM.edu,,,3/24/20 11:15,3/24/20 13:13,118,United States
573,GUAF5Q5@OLO.5ZJ.edu,3/24/20 10:57,approved,3/24/20 10:57,3/24/20 11:01,4,United States
574,ZWZX5CW@K3U.OUL.edu,3/24/20 9:05,approved,3/24/20 10:54,3/24/20 13:49,176,Germany
575,ZWZX5CW@K3U.OUL.edu,,,3/24/20 13:49,3/24/20 14:06,17,Germany
576,ZWZX5CW@K3U.OUL.edu,,,3/24/20 14:07,3/24/20 14:07,1,Germany
577,VSTG0Y6@9AS.15E.edu,3/19/20 18:21,approved,3/24/20 10:50,3/24/20 11:22,32,United States
578,VSTG0Y6@9AS.15E.edu,,,3/24/20 13:04,3/24/20 13:05,2,United States
579,C32MD8W@GVX.V1Z.edu,3/24/20 11:00,approved,3/24/20 11:02,3/24/20 11:11,9,United States
580,C32MD8W@GVX.V1Z.edu,,,3/24/20 11:11,3/24/20 15:11,240,United States
581,I39OGQ7@1I1.P8I.edu,3/24/20 10:56,approved,3/24/20 10:56,3/24/20 12:03,68,United States
582,I39OGQ7@1I1.P8I.edu,,,3/24/20 12:28,3/24/20 13:53,85,United States
583,I39OGQ7@1I1.P8I.edu,,,3/24/20 14:00,3/24/20 15:15,76,United States
584,KO8CMTW@AEK.OWT.edu,3/24/20 13:27,approved,3/24/20 13:28,3/24/20 13:47,20,United States
585,KO8CMTW@AEK.OWT.edu,,,3/24/20 14:06,3/24/20 15:05,60,United States
586,V2H09G8@JL5.WRF.edu,3/23/20 16:56,approved,3/24/20 11:00,3/24/20 14:31,212,United States
587,46ZE19K@I5I.LJM.edu,3/24/20 10:52,approved,3/24/20 10:52,3/24/20 10:54,2,Denmark
588,U07Z7MC@BHK.DD1.edu,3/20/20 11:43,approved,3/24/20 12:42,3/24/20 15:11,150,United States
589,24YB3SF@VX4.JB3.edu,3/23/20 12:09,approved,3/24/20 13:10,3/24/20 14:25,75,United States
590,24YB3SF@VX4.JB3.edu,,,3/24/20 13:16,3/24/20 14:42,86,United States
591,24YB3SF@VX4.JB3.edu,,,3/24/20 11:01,3/24/20 12:03,63,United States
592,24YB3SF@VX4.JB3.edu,,,3/24/20 12:33,3/24/20 14:25,113,United States
593,G7PH59X@CAE.YLQ.edu,3/19/20 18:43,approved,3/24/20 11:01,3/24/20 11:01,1,United States
594,G7PH59X@CAE.YLQ.edu,,,3/24/20 11:01,3/24/20 11:37,36,United States
595,C2A3D4L@GZJ.6DE.edu,3/22/20 13:13,approved,3/24/20 10:57,3/24/20 10:57,1,United States
596,C2A3D4L@GZJ.6DE.edu,,,3/24/20 10:58,3/24/20 15:15,257,United States
597,TVLAFMT@C96.SWY.edu,3/24/20 9:19,approved,3/24/20 11:41,3/24/20 11:42,1,United States
598,1208EEL@6YV.GS0.edu,3/19/20 17:34,approved,3/24/20 10:57,3/24/20 10:58,1,United States
599,1208EEL@6YV.GS0.edu,,,3/24/20 10:59,3/24/20 12:51,112,United States
600,NQBSYPU@I7I.NV4.edu,3/24/20 3:17,approved,3/24/20 10:40,3/24/20 12:07,87,Belgium
601,NQBSYPU@I7I.NV4.edu,,,3/24/20 12:23,3/24/20 14:09,106,Belgium
602,NQBSYPU@I7I.NV4.edu,,,3/24/20 11:02,3/24/20 12:46,105,Belgium
603,NQBSYPU@I7I.NV4.edu,,,3/24/20 11:04,3/24/20 13:20,137,Belgium
604,NQBSYPU@I7I.NV4.edu,,,3/24/20 11:06,3/24/20 11:09,4,Belgium
605,K9JTY8U@A9M.YM2.edu,3/21/20 17:58,approved,3/24/20 11:01,3/24/20 14:58,238,United States
606,65GMAP4@MM9.OE2.edu,3/24/20 9:01,approved,3/24/20 15:28,3/24/20 15:29,1,United States
607,65GMAP4@MM9.OE2.edu,,,3/24/20 11:00,3/24/20 14:20,200,United States
608,0DSCP1S@ETK.WQU.edu,3/19/20 17:15,approved,3/24/20 10:54,3/24/20 12:07,73,United States
609,0DSCP1S@ETK.WQU.edu,,,3/24/20 13:33,3/24/20 14:37,65,United States
610,8Z7YLKH@V88.Y8Y.edu,3/20/20 4:27,approved,3/24/20 10:12,3/24/20 11:32,80,China
611,7T2ETP6@5XR.5V3.edu,3/24/20 9:54,approved,3/24/20 10:55,3/24/20 11:56,61,United States
612,RC9OR8I@1N0.17Q.edu,3/24/20 7:56,approved,3/24/20 10:43,3/24/20 15:29,286,Denmark
613,CN9N4WX@HY1.BXO.edu,3/24/20 11:14,approved,3/24/20 12:39,3/24/20 14:09,91,Norway
614,T1VKBDR@42X.WBC.edu,3/24/20 10:52,approved,3/24/20 10:52,3/24/20 15:25,274,United States
615,F13AJBV@VBA.TBM.edu,3/24/20 11:50,approved,3/24/20 11:51,3/24/20 12:02,12,United States
616,HWZOKNN@YQ2.PTZ.edu,3/19/20 14:35,approved,3/24/20 11:46,3/24/20 11:52,7,United States
617,HWZOKNN@YQ2.PTZ.edu,,,3/24/20 13:22,3/24/20 13:26,4,United States
618,HWZOKNN@YQ2.PTZ.edu,,,3/24/20 14:38,3/24/20 14:56,19,United States
619,HWZOKNN@YQ2.PTZ.edu,,,3/24/20 11:43,3/24/20 11:44,2,United States
620,V2G81QZ@KLK.LJN.edu,3/22/20 19:27,approved,3/24/20 10:53,3/24/20 14:21,208,United States
621,UPIQB1G@OQ4.U0D.edu,3/23/20 11:59,approved,3/24/20 11:03,3/24/20 11:09,6,United States
622,34OBUXK@PS8.3ZI.edu,3/19/20 19:57,approved,3/24/20 12:36,3/24/20 15:29,173,United States
623,34OBUXK@PS8.3ZI.edu,,,3/24/20 10:57,3/24/20 12:38,101,United States
624,9QBT44S@7RP.IGA.edu,3/24/20 12:50,approved,3/24/20 12:51,3/24/20 12:52,2,United States
625,UAV4YF9@ZC0.SMV.edu,3/24/20 1:34,approved,3/24/20 11:09,3/24/20 11:50,42,United States
626,WZLM3ME@ET6.069.edu,3/20/20 10:18,approved,3/24/20 10:57,3/24/20 11:13,16,Japan
627,DGNYF2T@3Y6.51I.edu,3/23/20 23:56,approved,3/24/20 10:24,3/24/20 10:25,1,United States
628,SRGHC4F@TAY.F8X.edu,3/24/20 11:59,approved,3/24/20 11:59,3/24/20 12:04,5,United States
629,VQR5AOB@HS2.A2E.edu,3/19/20 17:10,approved,3/24/20 11:04,3/24/20 15:10,246,United States
630,8GX5OQZ@4B2.6NL.edu,3/21/20 8:45,approved,3/24/20 10:56,3/24/20 11:41,45,United States
631,8GX5OQZ@4B2.6NL.edu,,,3/24/20 12:15,3/24/20 12:55,41,United States
632,8GX5OQZ@4B2.6NL.edu,,,3/24/20 13:10,3/24/20 13:37,28,United States
633,PS04V7Q@XN8.GTB.edu,3/24/20 11:01,approved,3/24/20 11:01,3/24/20 13:15,134,United States
634,G9HXH9R@KR4.TEO.edu,3/23/20 18:17,approved,3/24/20 10:57,3/24/20 12:02,66,United States
635,G9HXH9R@KR4.TEO.edu,,,3/24/20 12:29,3/24/20 12:58,29,United States
636,2QFYITP@2M9.ICI.edu,3/24/20 8:59,approved,3/24/20 10:54,3/24/20 13:15,142,Denmark
637,DWQIG9V@VNW.3E6.edu,3/20/20 12:24,approved,3/24/20 10:55,3/24/20 14:42,228,United States
638,U1XFRDQ@MGO.NZ5.edu,3/24/20 12:37,approved,3/24/20 12:37,3/24/20 15:09,153,United States
639,1LD8TQ5@NTO.FB4.edu,3/23/20 12:36,approved,3/24/20 10:55,3/24/20 11:27,33,United States
640,P2FMD8N@PDA.25T.edu,3/23/20 14:59,approved,3/24/20 10:58,3/24/20 11:02,5,United States
641,KY6IW8Q@X4B.4X3.edu,3/19/20 16:52,approved,3/24/20 11:39,3/24/20 15:09,210,United States
642,KY6IW8Q@X4B.4X3.edu,,,3/24/20 11:43,3/24/20 11:44,2,United States
643,882ZZL7@NON.BID.edu,3/24/20 10:45,approved,3/24/20 10:45,3/24/20 10:46,1,United States
644,8QKLL65@CC5.5DD.edu,3/23/20 2:50,approved,3/24/20 12:45,3/24/20 13:53,68,Netherlands
645,8QKLL65@CC5.5DD.edu,,,3/24/20 10:59,3/24/20 14:22,204,Netherlands
646,BRE8YOF@WXD.HNO.edu,3/22/20 0:33,approved,3/24/20 10:38,3/24/20 12:03,86,United States
647,BRE8YOF@WXD.HNO.edu,,,3/24/20 12:44,3/24/20 15:07,144,United States
648,GOHQ7ZD@8O1.XLT.edu,3/19/20 17:17,approved,3/24/20 11:00,3/24/20 15:07,247,United States
649,HRU3MH0@ZSK.O1A.edu,3/24/20 9:45,approved,3/24/20 13:10,3/24/20 13:37,28,Germany
650,HRU3MH0@ZSK.O1A.edu,,,3/24/20 11:03,3/24/20 11:45,42,Germany
651,HRU3MH0@ZSK.O1A.edu,,,3/24/20 11:45,3/24/20 11:47,3,Germany
652,KK0A8QQ@UYP.N7H.edu,3/22/20 14:43,approved,3/24/20 12:05,3/24/20 12:07,2,United States
653,KK0A8QQ@UYP.N7H.edu,,,3/24/20 12:07,3/24/20 13:54,108,United States
654,KK0A8QQ@UYP.N7H.edu,,,3/24/20 11:38,3/24/20 12:42,65,United States
655,NHS3LJH@ZMX.5OR.edu,3/24/20 12:40,approved,3/24/20 13:36,3/24/20 13:53,18,United States
656,NHS3LJH@ZMX.5OR.edu,,,3/24/20 12:41,3/24/20 12:44,4,United States
657,ILYGZB8@GIU.ZXX.edu,3/23/20 21:58,approved,3/24/20 10:56,3/24/20 12:02,67,United States
658,KWUJUI4@NGI.YKA.edu,3/24/20 14:01,approved,3/24/20 14:01,3/24/20 14:02,1,United States
659,EB8AXV8@76J.E3O.edu,3/19/20 14:00,approved,3/24/20 11:08,3/24/20 15:29,261,United States
660,EB8AXV8@76J.E3O.edu,,,3/24/20 11:03,3/24/20 11:08,5,United States
661,JK7HVGJ@WFZ.JHQ.edu,3/23/20 13:06,approved,3/24/20 12:25,3/24/20 12:26,2,United States
662,UJTGYPM@9WM.VQY.edu,3/24/20 8:20,approved,3/24/20 10:51,3/24/20 15:29,278,United States
663,IHJT1OD@02F.9W5.edu,3/23/20 10:42,approved,3/24/20 10:56,3/24/20 15:04,249,United Kingdom
664,2BOZNIN@J8Z.4AN.edu,3/20/20 10:46,approved,3/24/20 10:44,3/24/20 15:29,285,Brazil
665,KF1HCME@H6Q.VX7.edu,3/24/20 5:15,approved,3/24/20 10:48,3/24/20 11:02,14,India
666,KF1HCME@H6Q.VX7.edu,,,3/24/20 11:02,3/24/20 11:07,5,India
667,KF1HCME@H6Q.VX7.edu,,,3/24/20 11:07,3/24/20 11:20,13,India
668,KF1HCME@H6Q.VX7.edu,,,3/24/20 11:20,3/24/20 11:46,27,India
669,KF1HCME@H6Q.VX7.edu,,,3/24/20 11:55,3/24/20 11:57,3,India
670,KF1HCME@H6Q.VX7.edu,,,3/24/20 11:57,3/24/20 11:58,1,India
671,KF1HCME@H6Q.VX7.edu,,,3/24/20 11:58,3/24/20 11:59,2,India
672,KF1HCME@H6Q.VX7.edu,,,3/24/20 12:02,3/24/20 15:29,207,India
673,KF1HCME@H6Q.VX7.edu,,,3/24/20 11:46,3/24/20 11:53,8,India
674,KF1HCME@H6Q.VX7.edu,,,3/24/20 11:53,3/24/20 11:55,2,India
675,KF1HCME@H6Q.VX7.edu,,,3/24/20 11:59,3/24/20 12:02,3,India
676,BGB6RD7@PCF.KI4.edu,3/24/20 11:59,approved,3/24/20 12:06,3/24/20 12:08,2,Colombia
677,5FSKVPA@40O.T9W.edu,3/24/20 11:11,approved,3/24/20 11:12,3/24/20 11:56,45,United States
678,5FSKVPA@40O.T9W.edu,,,3/24/20 13:56,3/24/20 14:20,25,United States
679,1KD1ECX@AWT.COE.edu,3/24/20 11:04,approved,3/24/20 12:04,3/24/20 15:19,196,United States
680,1KD1ECX@AWT.COE.edu,,,3/24/20 11:04,3/24/20 12:03,60,United States
681,9AARBQI@YE2.TZX.edu,3/20/20 12:46,approved,3/24/20 11:13,3/24/20 12:04,51,United States
682,9AARBQI@YE2.TZX.edu,,,3/24/20 12:29,3/24/20 13:53,84,United States
683,9AARBQI@YE2.TZX.edu,,,3/24/20 14:01,3/24/20 14:08,8,United States
684,9AARBQI@YE2.TZX.edu,,,3/24/20 14:14,3/24/20 14:41,28,United States
685,7ALCZGY@5IA.UKB.edu,3/20/20 17:40,approved,3/24/20 11:15,3/24/20 11:17,3,United States
686,7ALCZGY@5IA.UKB.edu,,,3/24/20 11:20,3/24/20 12:17,58,United States
687,7ALCZGY@5IA.UKB.edu,,,3/24/20 13:14,3/24/20 13:48,35,United States
688,7ALCZGY@5IA.UKB.edu,,,3/24/20 11:08,3/24/20 11:15,7,United States
689,7ALCZGY@5IA.UKB.edu,,,3/24/20 12:32,3/24/20 12:34,3,United States
690,7ALCZGY@5IA.UKB.edu,,,3/24/20 12:37,3/24/20 12:56,19,United States
691,RAKAMB4@T2C.NTS.edu,3/19/20 20:24,approved,3/24/20 10:34,3/24/20 11:34,61,United States
692,7L99O74@CE9.85Q.edu,3/23/20 14:02,approved,3/24/20 10:54,3/24/20 15:15,262,United States
693,MVSJIVN@09F.3RP.edu,3/24/20 10:58,approved,3/24/20 10:59,3/24/20 11:58,60,United States
694,QKCKUCI@C0M.9LO.edu,3/22/20 11:05,approved,3/24/20 11:15,3/24/20 11:16,1,United States
695,QKCKUCI@C0M.9LO.edu,,,3/24/20 11:00,3/24/20 11:07,8,United States
696,6R2U7CG@GYZ.0BB.edu,3/24/20 11:02,approved,3/24/20 11:02,3/24/20 11:05,3,United States
697,3QT09W7@RUA.IXL.edu,3/20/20 13:52,approved,3/24/20 10:56,3/24/20 11:01,6,United States
698,3QT09W7@RUA.IXL.edu,,,3/24/20 11:02,3/24/20 11:46,44,United States
699,WKPIL4W@FHM.JU6.edu,3/23/20 16:35,approved,3/24/20 10:50,3/24/20 15:14,264,United States
700,5PUD4MG@LGS.G7B.edu,3/23/20 16:53,approved,3/24/20 10:59,3/24/20 12:01,63,United States
701,U3I7VAB@4LJ.O46.edu,3/23/20 18:43,approved,3/24/20 11:13,3/24/20 14:21,188,United States
702,W0FHIF9@TTF.96U.edu,3/20/20 0:45,approved,3/24/20 11:32,3/24/20 15:29,237,Colombia
703,TM62NDO@4I4.87U.edu,3/24/20 12:11,approved,3/24/20 12:11,3/24/20 12:29,18,United States
704,9H1BVBK@FXZ.PXA.edu,3/24/20 12:49,approved,3/24/20 12:49,3/24/20 13:06,17,United States
705,46YC63X@KEJ.YVL.edu,3/24/20 10:47,approved,3/24/20 10:47,3/24/20 15:29,282,United States
706,OGGOU24@IUG.QD2.edu,3/19/20 16:55,approved,3/24/20 10:12,3/24/20 10:13,1,United States
707,OGGOU24@IUG.QD2.edu,,,3/24/20 10:37,3/24/20 11:05,29,United States
708,OGGOU24@IUG.QD2.edu,,,3/24/20 11:04,3/24/20 15:29,265,United States
709,OGGOU24@IUG.QD2.edu,,,3/24/20 12:35,3/24/20 12:36,2,United States
710,I1WUMUG@3LE.RLX.edu,3/24/20 10:56,approved,3/24/20 10:56,3/24/20 15:39,283,United States
711,L7QRLQT@X3M.JVM.edu,3/20/20 19:31,approved,3/24/20 10:54,3/24/20 13:02,128,Hashemite Kingdom of Jordan
712,JEXNMI4@3K9.KEC.edu,3/24/20 10:46,approved,3/24/20 10:46,3/24/20 15:25,279,United States
713,LN9MIDS@8JZ.DYF.edu,3/23/20 14:58,approved,3/24/20 11:44,3/24/20 11:46,2,Netherlands
714,LN9MIDS@8JZ.DYF.edu,,,3/24/20 11:48,3/24/20 11:48,1,Netherlands
715,LN9MIDS@8JZ.DYF.edu,,,3/24/20 11:55,3/24/20 11:55,1,Netherlands
716,64HGA38@U1I.CH2.edu,3/22/20 7:53,approved,3/24/20 10:51,3/24/20 12:03,72,Netherlands
717,64HGA38@U1I.CH2.edu,,,3/24/20 12:03,3/24/20 12:03,1,Netherlands
718,64HGA38@U1I.CH2.edu,,,3/24/20 12:47,3/24/20 13:01,15,Netherlands
719,IYWJM8L@HYM.HAS.edu,3/20/20 13:38,approved,3/24/20 13:54,3/24/20 14:17,24,India
720,8ZN5RZP@ZDJ.JD2.edu,3/19/20 19:51,approved,3/24/20 12:13,3/24/20 12:21,9,United States
721,IH7DGLV@N0I.DL5.edu,3/23/20 21:28,approved,3/24/20 13:51,3/24/20 14:25,35,United States
722,IH7DGLV@N0I.DL5.edu,,,3/24/20 14:26,3/24/20 14:26,0,United States
723,RG0UAJ4@E4E.PG6.edu,3/22/20 14:06,approved,3/24/20 11:01,3/24/20 12:04,64,United States
724,RG0UAJ4@E4E.PG6.edu,,,3/24/20 12:31,3/24/20 12:34,4,United States
725,ODR4HVI@V43.KTO.edu,3/24/20 13:54,approved,3/24/20 13:55,3/24/20 14:11,17,United States
726,ODR4HVI@V43.KTO.edu,,,3/24/20 14:34,3/24/20 15:29,56,United States
727,6J74PDW@BD6.EWD.edu,3/22/20 6:53,approved,3/24/20 12:03,3/24/20 12:03,1,Spain
728,VIIIWHJ@E73.EXU.edu,3/20/20 13:19,approved,3/24/20 10:41,3/24/20 15:22,282,Saudi Arabia
729,VAWBZYM@EQ1.V7M.edu,3/21/20 14:03,approved,3/24/20 10:35,3/24/20 14:26,232,United States
730,1V4N8DY@ZUZ.6S2.edu,3/19/20 12:41,approved,3/24/20 12:12,3/24/20 15:28,197,United States
731,PN2748I@QQM.SNR.edu,3/23/20 23:54,approved,3/24/20 10:51,3/24/20 15:14,264,United States
732,U9JNQLR@LFK.TR7.edu,3/19/20 16:43,approved,3/24/20 14:40,3/24/20 14:43,3,United States
733,MYWORSY@S3Z.NLW.edu,3/22/20 12:53,approved,3/24/20 10:50,3/24/20 11:08,18,United States
734,U4QZLRX@0BW.G1D.edu,3/24/20 10:53,approved,3/24/20 11:58,3/24/20 12:01,3,India
735,U4QZLRX@0BW.G1D.edu,,,3/24/20 11:55,3/24/20 11:58,4,India
736,QR33ZOQ@H75.2BK.edu,3/20/20 20:10,approved,3/24/20 10:45,3/24/20 12:03,79,Germany
737,QR33ZOQ@H75.2BK.edu,,,3/24/20 12:17,3/24/20 12:52,35,Germany
738,UEKF2M6@TES.2EX.edu,3/19/20 15:49,approved,3/24/20 13:27,3/24/20 13:52,25,Spain
739,UEKF2M6@TES.2EX.edu,,,3/24/20 13:51,3/24/20 13:52,2,Spain
740,UEKF2M6@TES.2EX.edu,,,3/24/20 13:55,3/24/20 13:57,3,Spain
741,UEKF2M6@TES.2EX.edu,,,3/24/20 14:30,3/24/20 15:25,55,Spain
742,QRDRPBY@3LW.YC3.edu,3/24/20 10:59,approved,3/24/20 11:01,3/24/20 14:05,185,United States
743,ZZ3PRL5@3MH.KZ3.edu,3/24/20 10:56,approved,3/24/20 10:56,3/24/20 12:05,69,United States
744,KF6V5TS@OPH.0JQ.edu,3/24/20 9:30,approved,3/24/20 10:51,3/24/20 12:08,77,United Arab Emirates
745,KF6V5TS@OPH.0JQ.edu,,,3/24/20 12:19,3/24/20 12:52,34,United Arab Emirates
746,KF6V5TS@OPH.0JQ.edu,,,3/24/20 13:11,3/24/20 13:13,2,United Arab Emirates
747,RL3YMMP@VY7.27J.edu,3/21/20 20:28,approved,3/24/20 10:57,3/24/20 15:11,254,United States
748,JIXX1HL@DON.8D1.edu,3/24/20 3:58,approved,3/24/20 11:34,3/24/20 11:39,5,India
749,DVXXW9H@5Y5.U1M.edu,3/20/20 16:12,approved,3/24/20 10:55,3/24/20 14:42,228,Italy
750,DVXXW9H@5Y5.U1M.edu,,,3/24/20 14:47,3/24/20 14:57,11,Italy
751,3977FAH@773.6QU.edu,3/24/20 11:09,approved,3/24/20 11:11,3/24/20 15:17,246,United States
752,HWIBBL3@3CM.3L9.edu,3/19/20 17:32,approved,3/24/20 10:48,3/24/20 15:11,264,Belgium
753,AH0YTJG@7U3.D88.edu,3/23/20 17:04,approved,3/24/20 11:38,3/24/20 11:45,7,United States
754,EYPE8RQ@C9V.YWI.edu,3/22/20 21:41,approved,3/24/20 10:38,3/24/20 10:39,1,United States
755,EYPE8RQ@C9V.YWI.edu,,,3/24/20 12:30,3/24/20 13:53,83,United States
756,EYPE8RQ@C9V.YWI.edu,,,3/24/20 10:58,3/24/20 11:05,8,United States
757,EYPE8RQ@C9V.YWI.edu,,,3/24/20 11:10,3/24/20 12:29,79,United States
758,6UL6UUE@9KP.S3G.edu,3/24/20 12:13,approved,3/24/20 12:13,3/24/20 13:49,96,United States
759,3QUXBNL@TJO.IVT.edu,3/24/20 11:07,approved,3/24/20 11:14,3/24/20 14:46,212,United States
760,3QUXBNL@TJO.IVT.edu,,,3/24/20 11:09,3/24/20 11:16,8,United States
761,20EWHUW@7E3.K8R.edu,3/24/20 10:38,approved,3/24/20 10:39,3/24/20 15:09,271,United States
762,49XVZ3E@O6T.4XV.edu,3/19/20 17:31,approved,3/24/20 15:21,3/24/20 15:22,2,United States
763,49XVZ3E@O6T.4XV.edu,,,3/24/20 11:09,3/24/20 12:21,73,United States
764,651TX0A@S9A.ISF.edu,3/19/20 17:44,approved,3/24/20 11:01,3/24/20 15:20,259,United States
765,OF08STI@GH8.816.edu,3/24/20 9:19,approved,3/24/20 11:27,3/24/20 11:29,3,United States
766,9CL6NHO@C60.09A.edu,3/24/20 10:52,approved,3/24/20 10:53,3/24/20 14:52,239,United States
767,H5ZVAON@FPY.95J.edu,3/20/20 14:40,approved,3/24/20 14:44,3/24/20 15:29,45,Germany
768,CYXG4HN@87Y.DTE.edu,3/24/20 12:30,approved,3/24/20 12:30,3/24/20 12:32,2,United States
769,EK34SBY@T1J.4ZL.edu,3/23/20 3:58,approved,3/24/20 10:53,3/24/20 14:56,243,Germany
770,EK34SBY@T1J.4ZL.edu,,,3/24/20 14:56,3/24/20 15:29,33,Germany
771,QSUKD2O@KHT.ZHT.edu,3/23/20 15:47,approved,3/24/20 11:59,3/24/20 12:03,5,United States
772,CT2NHMN@AGZ.8FV.edu,3/24/20 0:45,approved,3/24/20 11:01,3/24/20 11:15,14,United States
773,CT2NHMN@AGZ.8FV.edu,,,3/24/20 13:08,3/24/20 13:53,45,United States
774,PS520G0@OLK.GTG.edu,3/23/20 12:43,approved,3/24/20 10:56,3/24/20 11:06,10,United States
775,PS520G0@OLK.GTG.edu,,,3/24/20 11:19,3/24/20 11:19,1,United States
776,PS520G0@OLK.GTG.edu,,,3/24/20 11:42,3/24/20 15:13,212,United States
777,M3BN7KA@W7S.XYP.edu,3/23/20 12:23,approved,3/24/20 10:54,3/24/20 15:29,275,United States
778,9XDLHT5@IUG.J44.edu,3/23/20 5:04,approved,3/24/20 10:52,3/24/20 12:32,100,Italy
779,1QNN59X@NQ6.IGL.edu,3/24/20 10:49,approved,3/24/20 10:50,3/24/20 11:22,32,Romania
780,1QNN59X@NQ6.IGL.edu,,,3/24/20 11:59,3/24/20 12:33,34,Romania
781,Z88QM7U@BRE.PUE.edu,3/23/20 14:23,approved,3/24/20 10:51,3/24/20 12:03,73,United States
782,Z88QM7U@BRE.PUE.edu,,,3/24/20 12:31,3/24/20 15:02,151,United States
783,K1RIWC0@0DS.Z1Y.edu,3/23/20 17:18,approved,3/24/20 11:02,3/24/20 13:58,176,United States
784,AOE7ORM@K54.YE6.edu,3/24/20 1:39,approved,3/24/20 13:16,3/24/20 13:19,3,India
785,AOE7ORM@K54.YE6.edu,,,3/24/20 14:25,3/24/20 15:29,65,India
786,AOE7ORM@K54.YE6.edu,,,3/24/20 11:43,3/24/20 13:05,82,India
787,5H7NOZ8@5UW.N3Y.edu,3/20/20 17:40,approved,3/24/20 11:01,3/24/20 11:32,31,United States
788,HXBD4UG@XNB.HDY.edu,3/23/20 5:48,approved,3/24/20 10:32,3/24/20 11:40,69,Italy
789,AUHXDY4@2QV.ZBG.edu,3/24/20 12:06,approved,3/24/20 12:07,3/24/20 12:08,2,Italy
790,33CP568@CRV.QT3.edu,3/22/20 16:18,approved,3/24/20 10:53,3/24/20 12:04,71,United Kingdom
791,33CP568@CRV.QT3.edu,,,3/24/20 12:25,3/24/20 13:36,72,United Kingdom
792,ECLH3LV@KV3.PRN.edu,3/23/20 15:12,approved,3/24/20 10:09,3/24/20 11:37,88,United States
793,ECLH3LV@KV3.PRN.edu,,,3/24/20 11:38,3/24/20 13:29,112,United States
794,4D5T3QN@NLR.7XS.edu,3/24/20 8:30,approved,3/24/20 10:10,3/24/20 12:02,113,United States
795,4D5T3QN@NLR.7XS.edu,,,3/24/20 12:52,3/24/20 15:09,138,United States
796,JQ3IRNA@KGI.7UW.edu,3/24/20 11:09,approved,3/24/20 13:56,3/24/20 14:00,4,Netherlands
797,JQ3IRNA@KGI.7UW.edu,,,3/24/20 14:00,3/24/20 15:01,62,Netherlands
798,JQ3IRNA@KGI.7UW.edu,,,3/24/20 11:09,3/24/20 12:54,105,Netherlands
799,KPMRWI0@PAU.MMY.edu,3/23/20 20:15,approved,3/24/20 11:32,3/24/20 14:44,193,United States
800,BRFTFKV@O2R.54M.edu,3/23/20 14:23,approved,3/24/20 10:58,3/24/20 13:15,137,United States
801,BRFTFKV@O2R.54M.edu,,,3/24/20 13:09,3/24/20 15:20,132,United States
802,VZ4EA2C@QWM.6XY.edu,3/23/20 15:20,approved,3/24/20 10:59,3/24/20 15:29,270,United States
803,LVQW36X@4LK.0B1.edu,3/22/20 12:37,approved,3/24/20 10:50,3/24/20 13:59,190,United States
804,XPJP95W@QLA.VJ7.edu,3/23/20 15:47,approved,3/24/20 13:32,3/24/20 14:21,50,United States
805,XPJP95W@QLA.VJ7.edu,,,3/24/20 14:38,3/24/20 14:58,20,United States
806,XPJP95W@QLA.VJ7.edu,,,3/24/20 11:02,3/24/20 11:07,6,United States
807,XPJP95W@QLA.VJ7.edu,,,3/24/20 12:30,3/24/20 13:08,38,United States
808,RUAYYYV@DU2.6SD.edu,3/23/20 18:11,approved,3/24/20 12:05,3/24/20 12:05,1,Morocco
809,RUAYYYV@DU2.6SD.edu,,,3/24/20 10:58,3/24/20 11:12,14,Morocco
810,WNWZU29@91L.ZSY.edu,3/24/20 5:09,approved,3/24/20 11:00,3/24/20 15:07,247,India
811,5UBM5W1@9M6.JD4.edu,3/19/20 20:47,approved,3/24/20 11:35,3/24/20 14:32,178,United States
812,1S3DX5S@B5J.NMY.edu,3/23/20 14:47,approved,3/24/20 10:50,3/24/20 11:51,62,United States
813,1S3DX5S@B5J.NMY.edu,,,3/24/20 13:27,3/24/20 13:57,30,United States
814,1S3DX5S@B5J.NMY.edu,,,3/24/20 14:03,3/24/20 14:04,1,United States
815,1S3DX5S@B5J.NMY.edu,,,3/24/20 11:59,3/24/20 13:23,84,United States
816,QCQHMZ7@W6E.71Y.edu,3/19/20 16:20,approved,3/24/20 11:06,3/24/20 11:06,1,United States
817,QCQHMZ7@W6E.71Y.edu,,,3/24/20 11:41,3/24/20 15:18,218,United States
818,QCQHMZ7@W6E.71Y.edu,,,3/24/20 12:30,3/24/20 12:31,1,United States
819,QCQHMZ7@W6E.71Y.edu,,,3/24/20 11:01,3/24/20 11:04,4,United States
820,QCQHMZ7@W6E.71Y.edu,,,3/24/20 11:35,3/24/20 11:41,7,United States
821,0JCMEKZ@FYZ.PQK.edu,3/20/20 14:20,approved,3/24/20 11:04,3/24/20 11:07,3,United States
822,0DB27SU@7DF.EJQ.edu,3/23/20 21:00,approved,3/24/20 10:38,3/24/20 14:20,222,United Kingdom
823,YQ5E5VE@Q8D.5VJ.edu,3/23/20 0:44,approved,3/24/20 12:28,3/24/20 12:55,27,United States
824,YJVIA2I@SCS.YOB.edu,3/19/20 17:09,approved,3/24/20 10:54,3/24/20 11:11,18,United States
825,YJVIA2I@SCS.YOB.edu,,,3/24/20 11:53,3/24/20 12:53,60,United States
826,YJVIA2I@SCS.YOB.edu,,,3/24/20 14:36,3/24/20 14:37,1,United States
827,XYVHQ6C@HBL.HHC.edu,3/20/20 13:03,approved,3/24/20 10:53,3/24/20 15:14,261,United States
828,BMQYY6Z@WEJ.RX0.edu,3/20/20 11:40,approved,3/24/20 13:24,3/24/20 15:02,99,China
829,BMQYY6Z@WEJ.RX0.edu,,,3/24/20 12:03,3/24/20 12:38,36,China
830,BMQYY6Z@WEJ.RX0.edu,,,3/24/20 10:58,3/24/20 11:46,49,China
831,BMQYY6Z@WEJ.RX0.edu,,,3/24/20 11:46,3/24/20 12:03,17,China
832,BMQYY6Z@WEJ.RX0.edu,,,3/24/20 12:38,3/24/20 13:24,47,China
833,29X9JSJ@T3K.HR2.edu,3/22/20 18:25,approved,3/24/20 15:16,3/24/20 15:17,1,United States
834,29X9JSJ@T3K.HR2.edu,,,3/24/20 11:03,3/24/20 14:28,205,United States
835,V9291LM@694.7P1.edu,3/23/20 6:15,approved,3/24/20 10:29,3/24/20 12:59,150,Switzerland
836,V9291LM@694.7P1.edu,,,3/24/20 12:59,3/24/20 15:14,136,Switzerland
837,02YGYF3@01M.937.edu,3/23/20 15:18,approved,3/24/20 10:55,3/24/20 10:59,5,Germany
838,02YGYF3@01M.937.edu,,,3/24/20 12:29,3/24/20 13:55,87,Germany
839,02YGYF3@01M.937.edu,,,3/24/20 14:12,3/24/20 14:59,48,Germany
840,02YGYF3@01M.937.edu,,,3/24/20 10:59,3/24/20 12:06,68,Germany
841,FUCS31Y@W66.QT4.edu,3/24/20 2:02,approved,3/24/20 11:11,3/24/20 11:16,5,India
842,N70G2SH@8PH.A6F.edu,3/20/20 20:30,approved,3/24/20 10:47,3/24/20 15:00,253,United States
843,T7O414J@806.7AL.edu,3/24/20 13:07,approved,3/24/20 13:07,3/24/20 13:26,19,United States
844,T7O414J@806.7AL.edu,,,3/24/20 13:26,3/24/20 15:05,100,United States
845,RS6V3V3@LWS.TPM.edu,3/20/20 14:19,approved,3/24/20 14:30,3/24/20 14:41,11,United States
846,RS6V3V3@LWS.TPM.edu,,,3/24/20 11:00,3/24/20 11:10,11,United States
847,A1N5FVD@R4V.73A.edu,3/24/20 15:13,approved,3/24/20 15:13,3/24/20 15:16,4,Canada
848,A1N5FVD@R4V.73A.edu,,,3/24/20 15:16,3/24/20 15:29,13,Canada
849,0K641L0@PBH.H2F.edu,3/23/20 12:16,approved,3/24/20 10:58,3/24/20 14:37,219,United States
850,VLSH4GX@MKF.5PB.edu,3/24/20 10:58,approved,3/24/20 10:58,3/24/20 11:06,9,United States
851,VLSH4GX@MKF.5PB.edu,,,3/24/20 11:09,3/24/20 11:11,3,United States
852,LX8YDK1@AXD.VJJ.edu,3/20/20 21:34,approved,3/24/20 13:07,3/24/20 13:57,51,United States
853,LX8YDK1@AXD.VJJ.edu,,,3/24/20 14:17,3/24/20 15:29,73,United States
854,LX8YDK1@AXD.VJJ.edu,,,3/24/20 10:59,3/24/20 11:51,52,United States
855,R0BHWKQ@FL9.SQK.edu,3/19/20 18:56,approved,3/24/20 11:02,3/24/20 11:06,5,United States
856,FU49ZC4@JYY.AD9.edu,3/19/20 17:27,approved,3/24/20 10:38,3/24/20 15:20,282,United States
857,3XIAXFR@N1W.JNF.edu,3/24/20 11:37,approved,3/24/20 11:37,3/24/20 11:41,5,United States
858,5B7XI6X@QI8.KQS.edu,3/24/20 11:06,approved,3/24/20 11:07,3/24/20 11:08,2,United States
859,5B7XI6X@QI8.KQS.edu,,,3/24/20 11:28,3/24/20 14:45,197,United States
860,NGB6V60@28W.K2B.edu,3/24/20 10:56,approved,3/24/20 10:56,3/24/20 12:54,118,United States
861,9S2KRR2@GGL.0GV.edu,3/23/20 23:13,approved,3/24/20 11:50,3/24/20 12:14,25,United States
862,9S2KRR2@GGL.0GV.edu,,,3/24/20 12:46,3/24/20 13:20,35,United States
863,YFT0MUC@8VK.2GL.edu,3/23/20 9:00,approved,--,--,--,
864,KHYDTIN@SC0.UAK.edu,3/24/20 8:59,approved,--,--,--,
865,994UWP8@8Y9.I82.edu,3/24/20 10:24,approved,--,--,--,
866,H0CN7PZ@PTE.8YP.edu,3/20/20 1:45,approved,--,--,--,
867,9V91Q41@H2K.OEZ.edu,3/20/20 9:39,approved,--,--,--,
868,46NMSTY@QEB.G1I.edu,3/23/20 22:15,approved,--,--,--,
869,NBWS7Y8@YRH.PWZ.edu,3/24/20 9:45,approved,--,--,--,
870,CADLM71@950.KGN.edu,3/23/20 17:07,approved,--,--,--,
871,XCWI1S2@56A.TKS.edu,3/24/20 3:55,approved,--,--,--,
872,EA9FPNH@95Q.YPV.edu,3/24/20 8:41,approved,--,--,--,
873,8NHBRKH@7TA.CC1.edu,3/22/20 14:25,approved,--,--,--,
874,F73PGBS@4HH.6CO.edu,3/23/20 12:11,approved,--,--,--,
875,6GV66TC@03K.83L.edu,3/20/20 10:56,approved,--,--,--,
876,4RORVZ5@FK2.BY8.edu,3/24/20 1:45,approved,--,--,--,
877,ZDGE3CO@7KY.81Y.edu,3/19/20 17:35,approved,--,--,--,
878,NIF2A76@50A.DKM.edu,3/23/20 18:54,approved,--,--,--,
879,ZXQA27R@04P.NVM.edu,3/23/20 17:25,approved,--,--,--,
880,8LSMJN8@OT9.RGP.edu,3/20/20 23:22,approved,--,--,--,
881,Z8TKKYS@JEF.RF3.edu,3/24/20 4:30,approved,--,--,--,
882,IMV0CUY@AO6.DOJ.edu,3/24/20 4:34,approved,--,--,--,
883,0E373OP@8EY.LZ4.edu,3/21/20 1:24,approved,--,--,--,
884,KE9BIX0@YRC.VHD.edu,3/24/20 7:49,approved,--,--,--,
885,PCTZ437@7N5.ED9.edu,3/24/20 0:57,approved,--,--,--,
886,1XEM79X@F5E.YK9.edu,3/23/20 21:51,approved,--,--,--,
887,II1QR6C@X30.U5P.edu,3/23/20 21:47,approved,--,--,--,
888,WRSTCZG@45R.NYL.edu,3/24/20 0:22,approved,--,--,--,
889,YO9PGDW@DML.RVC.edu,3/19/20 21:45,approved,--,--,--,
890,K6CK033@5IO.1WY.edu,3/19/20 16:44,approved,--,--,--,
891,1D36YX8@FPE.DIO.edu,3/19/20 18:25,approved,--,--,--,
892,FFXWV6J@MBD.D45.edu,3/24/20 15:08,approved,--,--,--,
893,RV5EJPE@T80.MDU.edu,3/19/20 18:25,approved,--,--,--,
894,RKQVWSE@ARE.RUP.edu,3/23/20 12:06,approved,--,--,--,
895,2WVUSGW@4FE.B8P.edu,3/20/20 11:33,approved,--,--,--,
896,6TRY76P@2PH.YIA.edu,3/24/20 11:20,approved,--,--,--,
897,W8IF70I@GRB.3L4.edu,3/24/20 5:29,approved,--,--,--,
898,6OG02S2@JJW.IRW.edu,3/23/20 9:37,approved,--,--,--,
899,1DGSWGR@KJN.UMJ.edu,3/23/20 20:35,approved,--,--,--,
900,534O9L5@81V.VE7.edu,3/24/20 0:48,approved,--,--,--,
901,E1XW4ZV@WB9.PB3.edu,3/19/20 17:37,approved,--,--,--,
902,RKATESZ@3EC.3N4.edu,3/24/20 7:15,approved,--,--,--,
903,38ZC6PE@6KG.APQ.edu,3/24/20 5:22,approved,--,--,--,
904,BL90JP7@KZ5.51S.edu,3/21/20 3:47,approved,--,--,--,
905,JRBWK19@S3H.V9W.edu,3/23/20 18:15,approved,--,--,--,
906,WSLR8E0@7Y7.3AN.edu,3/20/20 21:47,approved,--,--,--,
907,BBGR5ME@4VF.U7A.edu,3/20/20 13:00,approved,--,--,--,
908,RYOKGPE@09F.9CQ.edu,3/23/20 7:48,approved,--,--,--,
909,A7HBUYN@6CO.BOF.edu,3/19/20 18:51,approved,--,--,--,
910,7SJWEUA@93I.D3K.edu,3/24/20 10:44,approved,--,--,--,
911,8FCLO58@UIM.Z86.edu,3/24/20 9:59,approved,--,--,--,
912,YLB08QX@LUI.Q2A.edu,3/23/20 4:11,approved,--,--,--,
913,R176IE7@APM.IXY.edu,3/19/20 16:55,approved,--,--,--,
914,GPHCGA1@YQN.6JL.edu,3/24/20 4:34,approved,--,--,--,
915,QB2MIVH@4RJ.GY1.edu,3/23/20 18:01,approved,--,--,--,
916,32OB3PQ@RQB.20N.edu,3/23/20 6:36,approved,--,--,--,
